fecha;ccl;mep;informal
02/01/2013;6.66985;0;6.89
03/01/2013;6.68224;0;7.05
04/01/2013;6.81818;0;7.02
07/01/2013;6.82996;0;7.02
08/01/2013;6.87364;0;7.03
09/01/2013;7.03486;0;7.1
10/01/2013;7.03163;0;7.22
11/01/2013;7.12905;0;7.18
14/01/2013;7.16339;0;7.23
15/01/2013;7.18499;0;7.34
16/01/2013;7.2497;0;7.47
17/01/2013;7.32717;0;7.49
18/01/2013;7.30937;0;7.46
22/01/2013;7.34545;0;7.41
23/01/2013;7.38112;0;7.5
24/01/2013;7.46163;0;7.54
25/01/2013;7.5089;0;7.6
28/01/2013;7.52531;0;7.64
29/01/2013;7.61566;0;7.77
30/01/2013;7.67958;0;7.89
01/02/2013;7.71333;0;7.9
04/02/2013;7.82609;0;7.7
05/02/2013;7.86641;0;7.56
06/02/2013;7.76996;0;7.68
07/02/2013;7.7003;0;7.65
08/02/2013;7.75572;0;7.65
13/02/2013;7.68655;0;7.63
14/02/2013;7.70777;0;7.64
15/02/2013;7.61671;0;7.69
19/02/2013;7.71534;0;7.79
21/02/2013;7.75239;0;7.81
22/02/2013;7.67029;0;7.78
25/02/2013;7.72858;0;7.76
26/02/2013;7.93809;0;7.8
27/02/2013;7.82051;0;7.8
28/02/2013;7.78308;0;7.82
01/03/2013;8.08438;0;7.82
04/03/2013;8.05515;0;7.8
05/03/2013;7.9201;0;7.8
06/03/2013;8.05542;0;7.81
07/03/2013;8.03153;0;7.8
08/03/2013;8.15231;0;7.81
11/03/2013;8.19873;0;7.8
12/03/2013;8.32721;0;7.82
13/03/2013;8.33948;0;7.9
14/03/2013;8.36228;0;7.97
15/03/2013;8.46529;0;8.03
18/03/2013;8.49436;0;8.06
19/03/2013;8.44046;0;8.25
20/03/2013;8.36943;0;8.7
21/03/2013;8.47656;0;8.4
22/03/2013;8.58568;0;8.42
25/03/2013;8.40108;0;8.22
26/03/2013;8.47516;0;8.25
27/03/2013;8.49878;0;8.38
03/04/2013;8.54049;0;8.25
04/04/2013;8.43712;0;8.3
05/04/2013;8.40841;0;8.37
08/04/2013;8.445;0;8.3
09/04/2013;8.43581;0;8.34
10/04/2013;8.48061;0;8.37
11/04/2013;8.51576;0;8.42
12/04/2013;8.6343;0;8.41
15/04/2013;8.73405;0;8.4
16/04/2013;8.87055;0;8.5
17/04/2013;8.93436;0;8.67
18/04/2013;9.05157;0;8.63
19/04/2013;9.04178;0;8.6
22/04/2013;8.92989;0;8.63
23/04/2013;8.92554;0;8.82
24/04/2013;8.90378;0;8.91
25/04/2013;8.85162;0;9.16
26/04/2013;9.0093;0;9.3
29/04/2013;9.16455;0;9.27
30/04/2013;9.21083;0;9.37
02/05/2013;9.31332;0;9.6
03/05/2013;9.30871;0;9.84
06/05/2013;9.47233;0;9.83
07/05/2013;9.42529;0;10.04
08/05/2013;9.54376;0;10.4
09/05/2013;9.55005;0;9.98
10/05/2013;9.23788;0;9.98
13/05/2013;9.01058;0;9.98
14/05/2013;8.7067;0;9.15
15/05/2013;8.59036;0;9.0
16/05/2013;9.01749;0;8.9
17/05/2013;9.06358;0;8.9
20/05/2013;8.82689;0;8.85
21/05/2013;8.87134;0;8.53
22/05/2013;8.65941;0;8.38
23/05/2013;8.50666;0;8.75
24/05/2013;8.62231;0;8.9
27/05/2013;8.53;0;8.88
29/05/2013;8.34;0;8.83
30/05/2013;8.3177;0;8.82
05/06/2013;8.2954;0;8.5
06/06/2013;8.3532;0;8.52
07/06/2013;8.4066;0;8.52
10/06/2013;8.361;0;8.52
11/06/2013;8.2827;0;8.52
12/06/2013;8.2729;0;8.2
13/06/2013;8.1634;0;7.95
14/06/2013;8.0463;0;7.95
17/06/2013;8.0236;0;7.95
18/06/2013;7.8999;0;7.81
19/06/2013;7.8665;0;7.93
24/06/2013;8.2538;0;8.0
25/06/2013;8.1763;0;8.0
26/06/2013;8.1045;0;8.0
27/06/2013;7.8821;0;8.0
28/06/2013;7.6517;0;8.0
01/07/2013;7.8967;0;7.93
02/07/2013;7.6316;0;7.88
03/07/2013;7.591;0;7.9
04/07/2013;7.399;0;7.93
05/07/2013;7.8626;0;7.92
08/07/2013;7.919;0;7.93
10/07/2013;8.1693;0;8.04
11/07/2013;8.1211;0;8.16
12/07/2013;8.2023;0;8.3
15/07/2013;8.3295;0;8.53
16/07/2013;8.4781;0;8.7
17/07/2013;8.5363;0;8.7
18/07/2013;8.5532;0;8.52
19/07/2013;8.2719;0;8.47
22/07/2013;8.315;0;8.45
23/07/2013;8.31;0;8.45
24/07/2013;8.31;0;8.53
25/07/2013;8.35;0;8.46
26/07/2013;8.32;0;8.46
29/07/2013;8.3;0;8.48
30/07/2013;8.32;0;8.48
31/07/2013;8.53;0;8.48
01/08/2013;8.23;0;8.49
02/08/2013;8.23;0;8.51
05/08/2013;8.3;0;8.51
06/08/2013;8.3;0;8.53
07/08/2013;8.32;0;8.55
08/08/2013;8.56;0;0
09/08/2013;8.55;0;8.73
12/08/2013;8.5;0;8.67
13/08/2013;8.57;0;8.69
14/08/2013;8.57;0;8.8
15/08/2013;8.5;0;8.8
16/08/2013;8.5;0;8.8
20/08/2013;8.5;0;8.81
21/08/2013;8.54;0;8.84
22/08/2013;8.55;0;8.9
23/08/2013;8.51;0;8.94
26/08/2013;8.55;0;8.98
27/08/2013;8.57;0;9.36
28/08/2013;8.74;0;9.33
29/08/2013;8.75;0;9.33
30/08/2013;8.55;0;9.2
02/09/2013;8.7;0;9.17
03/09/2013;8.82;0;9.15
04/09/2013;8.89;0;9.15
05/09/2013;8.88;0;9.18
06/09/2013;8.88;0;9.17
09/09/2013;8.88;0;9.17
10/09/2013;8.87;0;9.13
11/09/2013;8.87;0;9.16
12/09/2013;9;0;9.17
13/09/2013;9;0;9.17
16/09/2013;9.05;0;9.2
17/09/2013;9.3;0;9.28
18/09/2013;9.3;0;9.28
19/09/2013;9.27;0;9.3
20/09/2013;9.27;0;9.3
23/09/2013;9.22;0;9.32
24/09/2013;9.25;0;9.34
25/09/2013;9.22;0;9.4
26/09/2013;9.1;0;9.44
27/09/2013;9;0;9.48
30/09/2013;9;0;9.43
01/10/2013;8.98;0;9.48
02/10/2013;9;0;9.52
03/10/2013;9.05;0;9.55
04/10/2013;9.05;0;9.5
07/10/2013;9.1;0;9.5
08/10/2013;9.05;0;9.57
09/10/2013;9.05;0;9.65
10/10/2013;9.05;0;9.72
11/10/2013;9.1;0;9.67
15/10/2013;9.1;0;9.55
16/10/2013;9;0;9.71
17/10/2013;9;0;9.8
18/10/2013;9.1;0;9.83
21/10/2013;9.2;0;9.85
22/10/2013;9.27;0;10.0
23/10/2013;9.27;0;10.0
24/10/2013;9.35;0;0
25/10/2013;9.35;0;0
28/10/2013;9.4;0;9.7
29/10/2013;9.3;0;9.83
30/10/2013;9.11;0;9.88
31/10/2013;9.16;0;9.87
01/11/2013;9.17;0;9.88
04/11/2013;9.22;0;9.83
05/11/2013;9.18;0;9.78
07/11/2013;9.32;0;9.74
08/11/2013;9.2;0;9.75
11/11/2013;9.17;0;9.74
12/11/2013;9.23;0;9.75
13/11/2013;9.3;0;9.85
14/11/2013;9.25;0;9.94
15/11/2013;9.25;0;9.89
18/11/2013;9.2;0;9.82
19/11/2013;9.15;0;9.87
20/11/2013;9.05;0;9.88
21/11/2013;8.95;0;9.89
22/11/2013;8.93;0;9.87
26/11/2013;8.97;0;9.76
27/11/2013;8.87;0;9.67
29/11/2013;8.72;0;9.53
02/12/2013;8.52;0;9.13
03/12/2013;8.32;0;9.25
04/12/2013;8.4;0;9.57
05/12/2013;8.48;0;9.64
06/12/2013;8.55;0;9.45
09/12/2013;8.53;0;9.45
10/12/2013;8.58;0;9.5
11/12/2013;8.44;0;9.49
12/12/2013;8.44;0;9.5
13/12/2013;8.46;0;9.55
16/12/2013;8.56;0;9.65
17/12/2013;8.46;0;9.7
18/12/2013;8.55;0;9.75
19/12/2013;8.53;0;9.64
20/12/2013;8.47;0;9.6
23/12/2013;8.48;0;9.65
26/12/2013;8.58;0;9.85
27/12/2013;8.51;0;9.92
30/12/2013;8.7;0;9.95
02/01/2014;8.88;0;10.12
03/01/2014;8.89;0;10.25
06/01/2014;9;0;10.42
07/01/2014;9;0;10.85
08/01/2014;9;0;10.7
09/01/2014;9.22;0;10.75
10/01/2014;9.15;0;10.75
13/01/2014;9.3;0;10.72
14/01/2014;9.6;0;10.88
15/01/2014;9.6;0;11.16
16/01/2014;9.71;0;11.5
17/01/2014;9.95;0;11.9
21/01/2014;10.23;0;11.81
22/01/2014;10.11;0;12.1
23/01/2014;10.3;0;13.01
24/01/2014;11;0;9.7
27/01/2014;11;0;10.15
28/01/2014;10.93;0;11.0
29/01/2014;10.83;0;11.4
30/01/2014;11.27;0;11.1
31/01/2014;11.54;0;11.15
03/02/2014;12;0;11.05
04/02/2014;12.65;0;11.55
05/02/2014;12.43;0;11.55
06/02/2014;12;0;11.9
07/02/2014;11.62;0;11.9
10/02/2014;10.8;0;11.55
11/02/2014;10.74;0;11.55
12/02/2014;10.87;0;12.0
13/02/2014;10.95;0;11.85
14/02/2014;10.87;0;11.75
18/02/2014;10.77;0;11.68
19/02/2014;10.5;0;11.7
20/02/2014;10.55;0;11.73
21/02/2014;10.58;0;11.7
24/02/2014;10.55;0;11.65
25/02/2014;10.4;0;11.6
26/02/2014;10.51;0;11.5
27/02/2014;10.5;0;11.4
28/02/2014;10.34;0;11.2
05/03/2014;10.35;0;10.5
06/03/2014;10.32;0;10.95
07/03/2014;10.2;0;10.95
10/03/2014;10.07;0;10.85
11/03/2014;10.19;0;10.75
12/03/2014;10.4;0;10.75
13/03/2014;10.28;0;10.9
14/03/2014;10.39;0;10.85
17/03/2014;10.28;0;10.8
18/03/2014;10.14;0;10.83
19/03/2014;10.14;0;10.82
20/03/2014;10.29;0;10.85
21/03/2014;10.27;0;10.8
25/03/2014;10.3;0;10.8
26/03/2014;10.29;0;10.8
27/03/2014;10.21;0;10.75
28/03/2014;10.02;0;10.75
31/03/2014;10;0;10.7
01/04/2014;10.17;0;10.7
03/04/2014;10.01;0;10.65
04/04/2014;9.93;0;10.6
07/04/2014;9.65;0;10.5
08/04/2014;9.67;0;10.24
09/04/2014;9.6;0;10.2
10/04/2014;9.52;0;10.2
11/04/2014;9.61;0;10.28
14/04/2014;9.66;0;10.18
15/04/2014;9.59;0;10.3
16/04/2014;9.62;0;10.3
21/04/2014;9.75;0;10.3
22/04/2014;9.67;0;10.3
23/04/2014;9.64;0;10.4
24/04/2014;9.59;0;10.6
25/04/2014;9.67;0;10.65
28/04/2014;9.73;0;10.6
29/04/2014;10.02;0;10.5
30/04/2014;10.12;0;10.45
05/05/2014;9.96;0;10.4
06/05/2014;9.84;0;10.45
07/05/2014;9.85;0;10.6
08/05/2014;9.61;0;10.63
09/05/2014;9.66;0;10.6
12/05/2014;9.77;0;10.6
13/05/2014;9.68;0;10.6
14/05/2014;9.86;0;10.65
15/05/2014;10.13;0;10.8
16/05/2014;10.19;0;10.95
19/05/2014;10.3;0;11.2
20/05/2014;10.76;0;11.6
21/05/2014;10.92;0;11.8
22/05/2014;10.77;0;11.7
23/05/2014;10.87;0;11.27
26/05/2014;10.81;0;11.4
27/05/2014;10.81;0;11.65
28/05/2014;11.2;0;11.7
29/05/2014;11.27;0;11.6
30/05/2014;11.13;0;11.3
02/06/2014;10.88;0;11.3
03/06/2014;10.77;0;11.4
04/06/2014;10.65;0;11.45
05/06/2014;10.56;0;11.45
06/06/2014;10.59;0;11.45
09/06/2014;10.5;0;11.45
10/06/2014;10.68;0;11.5
11/06/2014;10.6;0;11.5
12/06/2014;10.51;0;11.6
13/06/2014;10.63;0;11.55
16/06/2014;10.44;0;11.75
17/06/2014;10.38;0;12.1
18/06/2014;10.71;0;12.2
19/06/2014;10.51;0;12.3
23/06/2014;10.25;0;11.7
24/06/2014;10.07;0;11.9
25/06/2014;10.12;0;11.95
26/06/2014;10.05;0;11.95
27/06/2014;10;0;12.05
30/06/2014;10.28;0;12.05
01/07/2014;10.11;0;11.95
02/07/2014;10.12;0;11.9
03/07/2014;10.09;0;11.85
04/07/2014;10.1;0;11.85
07/07/2014;10.2;0;11.85
08/07/2014;10.1;0;11.9
10/07/2014;10.08;0;11.9
11/07/2014;9.93;0;11.8
14/07/2014;9.88;0;11.9
15/07/2014;10.12;0;12.0
16/07/2014;10.13;0;12.1
17/07/2014;10.11;0;12.15
18/07/2014;10.08;0;12.15
21/07/2014;9.98;0;12.17
22/07/2014;9.96;0;12.35
23/07/2014;9.91;0;12.5
24/07/2014;9.93;0;12.4
25/07/2014;9.81;0;12.5
28/07/2014;9.8;0;12.9
29/07/2014;10.07;0;12.7
30/07/2014;10.26;0;12.2
31/07/2014;10.12;0;12.6
01/08/2014;10;0;12.7
04/08/2014;10.34;0;12.6
05/08/2014;10.35;0;12.6
06/08/2014;10.42;0;12.7
07/08/2014;10.42;0;12.7
08/08/2014;10.56;0;12.7
11/08/2014;10.5;0;12.7
12/08/2014;10.76;0;12.85
13/08/2014;11.31;0;13.05
14/08/2014;11.47;0;13.1
15/08/2014;11.6;0;13.1
19/08/2014;11.75;0;13.1
20/08/2014;11.78;0;13.45
21/08/2014;12.19;0;13.85
22/08/2014;12.38;0;13.78
25/08/2014;12.16;0;13.88
26/08/2014;12.4;0;14.1
27/08/2014;12.71;0;14.28
28/08/2014;12.97;0;0
29/08/2014;12.95;0;13.95
02/09/2014;12.84;0;14.15
03/09/2014;12.9;0;14.1
04/09/2014;12.75;0;13.9
05/09/2014;12.54;0;13.9
08/09/2014;12.96;0;14.1
09/09/2014;13.3;0;14.15
10/09/2014;13.32;0;14.15
11/09/2014;13.25;0;14.16
12/09/2014;13.27;0;14.25
15/09/2014;13.22;0;14.35
16/09/2014;13.33;0;14.6
17/09/2014;13.42;0;15.0
18/09/2014;13.49;0;14.9
19/09/2014;13.61;0;14.9
22/09/2014;13.91;0;15.05
23/09/2014;14.53;0;15.32
24/09/2014;14.49;0;15.85
25/09/2014;14.49;0;15.65
26/09/2014;14.73;0;15.65
29/09/2014;14.69;0;15.5
30/09/2014;14.91;0;15.6
01/10/2014;15.2;0;15.5
02/10/2014;14.36;0;15.4
03/10/2014;13.9;0;15.2
06/10/2014;15;0;14.85
07/10/2014;14.17;0;14.6
08/10/2014;14.27;0;14.55
09/10/2014;13.77;0;14.73
10/10/2014;13.46;0;14.85
14/10/2014;13.29;0;14.67
15/10/2014;13.24;0;14.63
16/10/2014;13.25;0;14.55
17/10/2014;13.79;0;14.6
20/10/2014;13.7;0;14.58
21/10/2014;14.07;0;14.6
22/10/2014;13.82;0;14.59
23/10/2014;13.47;0;14.6
24/10/2014;13.07;0;14.55
27/10/2014;13.19;0;14.58
28/10/2014;13.17;0;14.52
29/10/2014;12.93;0;14.43
30/10/2014;13.04;0;14.23
31/10/2014;13.05;0;14.18
03/11/2014;13.05;0;13.8
04/11/2014;13.38;0;13.5
05/11/2014;13.19;0;13.4
07/11/2014;12.98;0;13.0
10/11/2014;12.73;0;12.55
11/11/2014;12.78;0;13.05
12/11/2014;12.55;0;13.58
13/11/2014;12.45;0;13.3
14/11/2014;12.13;0;13.28
17/11/2014;12.12;0;13.38
18/11/2014;12.08;0;13.45
19/11/2014;11.92;0;13.45
20/11/2014;11.75;0;13.4
21/11/2014;11.78;0;13.28
25/11/2014;11.98;0;13.25
26/11/2014;11.97;0;13.2
28/11/2014;11.97;0;13.0
01/12/2014;12.27;0;13.0
02/12/2014;11.9;0;12.9
03/12/2014;11.91;0;12.95
04/12/2014;11.99;0;12.82
05/12/2014;12.01;0;12.68
09/12/2014;11.88;0;12.7
10/12/2014;11.66;0;12.68
11/12/2014;11.3;0;12.6
12/12/2014;11.53;0;12.75
15/12/2014;11.65;0;13.07
16/12/2014;11.39;0;13.05
17/12/2014;11.65;0;13.0
18/12/2014;11.65;0;13.05
19/12/2014;11.33;0;13.0
22/12/2014;11.24;0;13.08
23/12/2014;11.29;0;13.28
29/12/2014;11.27;0;13.45
30/12/2014;11.26;0;13.7
02/01/2015;11.93;0;13.7
05/01/2015;12.24;0;13.65
06/01/2015;11.98;0;13.65
07/01/2015;12.09;0;13.65
08/01/2015;12.13;0;13.67
09/01/2015;12.17;0;13.67
12/01/2015;12.02;0;13.6
13/01/2015;12.07;0;13.5
14/01/2015;12.22;0;13.52
15/01/2015;12.16;0;13.52
16/01/2015;12.45;0;13.49
19/01/2015;12.41;0;13.6
20/01/2015;12.41;0;13.55
21/01/2015;12.46;0;13.55
22/01/2015;12.16;0;13.6
23/01/2015;12.1;0;13.57
26/01/2015;12.18;0;13.56
27/01/2015;12.2;0;13.55
28/01/2015;12.19;0;13.65
29/01/2015;12.31;0;13.5
30/01/2015;12.19;0;13.5
02/02/2015;12.22;0;13.28
03/02/2015;12.02;0;13.21
04/02/2015;12.33;0;13.2
05/02/2015;12.27;0;13.15
06/02/2015;12.11;0;13.1
09/02/2015;12.31;0;13.08
10/02/2015;12.3;0;13.08
11/02/2015;12.25;0;13.05
12/02/2015;12.21;0;13.02
13/02/2015;12.2;0;13.09
18/02/2015;12.29;0;12.9
19/02/2015;12.23;0;12.75
20/02/2015;12.22;0;12.92
23/02/2015;11.96;0;13.01
24/02/2015;11.89;0;13.01
25/02/2015;11.74;0;13.04
26/02/2015;11.77;0;13.01
27/02/2015;11.68;0;12.93
02/03/2015;11.92;0;12.9
03/03/2015;11.82;0;12.83
04/03/2015;11.84;0;12.83
05/03/2015;11.82;0;12.75
06/03/2015;11.74;0;12.71
09/03/2015;11.87;0;12.66
10/03/2015;11.91;0;12.66
11/03/2015;11.87;0;12.72
12/03/2015;11.86;0;12.82
13/03/2015;11.81;0;12.86
16/03/2015;11.97;0;12.79
17/03/2015;12;0;12.78
18/03/2015;11.91;0;12.86
19/03/2015;12.04;0;12.76
20/03/2015;12.07;0;12.72
25/03/2015;11.97;0;12.71
26/03/2015;12.01;0;12.69
27/03/2015;11.75;0;12.68
30/03/2015;11.9;0;12.52
31/03/2015;11.97;0;12.52
01/04/2015;12.13;0;12.45
06/04/2015;11.99;0;12.39
07/04/2015;12.13;0;12.28
08/04/2015;12.13;0;12.35
09/04/2015;11.85;0;12.29
10/04/2015;11.95;0;12.3
13/04/2015;11.93;0;12.32
14/04/2015;11.86;0;12.42
15/04/2015;12.15;0;12.7
16/04/2015;12.14;0;12.62
17/04/2015;12.14;0;12.61
20/04/2015;12.11;0;12.58
21/04/2015;11.98;0;12.61
22/04/2015;11.69;0;12.69
23/04/2015;11.88;0;12.74
24/04/2015;11.95;0;12.7
27/04/2015;11.97;0;12.6
28/04/2015;11.8;0;12.63
29/04/2015;11.78;0;12.63
30/04/2015;11.94;0;12.6
04/05/2015;11.93;0;12.51
05/05/2015;11.88;0;12.48
06/05/2015;11.77;0;12.5
07/05/2015;11.9;0;12.49
08/05/2015;11.92;0;12.47
11/05/2015;12.01;0;12.42
12/05/2015;11.96;0;12.43
13/05/2015;11.96;0;12.49
14/05/2015;11.97;0;12.52
15/05/2015;11.94;0;12.55
18/05/2015;12.05;0;12.56
19/05/2015;11.99;0;12.6
20/05/2015;11.83;0;12.54
21/05/2015;11.83;0;12.54
22/05/2015;11.8;0;12.55
26/05/2015;11.84;0;12.62
27/05/2015;11.7;0;12.62
28/05/2015;11.69;0;12.6
29/05/2015;11.71;0;12.55
01/06/2015;11.68;0;12.53
02/06/2015;11.66;0;12.55
03/06/2015;11.72;0;12.56
04/06/2015;11.67;0;12.54
05/06/2015;11.61;0;12.55
08/06/2015;11.65;0;12.52
09/06/2015;11.64;0;12.52
10/06/2015;11.75;0;12.52
11/06/2015;11.7;0;12.57
12/06/2015;11.74;0;12.58
15/06/2015;11.96;0;12.6
16/06/2015;11.86;0;12.75
17/06/2015;12.07;0;12.84
18/06/2015;12.2;0;12.98
19/06/2015;12.43;0;12.92
22/06/2015;12.37;0;12.95
23/06/2015;12.47;0;13.25
24/06/2015;12.36;0;13.47
25/06/2015;12.48;0;13.42
26/06/2015;12.68;0;13.18
29/06/2015;12.86;0;13.19
30/06/2015;12.87;0;13.3
01/07/2015;13.14;0;13.45
02/07/2015;13.38;0;13.45
06/07/2015;13.19;0;13.28
07/07/2015;13.26;0;13.34
08/07/2015;13.28;0;13.35
10/07/2015;13.35;0;13.47
13/07/2015;13.34;0;13.7
14/07/2015;13.27;0;13.85
15/07/2015;13.35;0;13.79
16/07/2015;13.29;0;13.96
17/07/2015;13.26;0;14.07
20/07/2015;13.34;0;14.4
21/07/2015;13.72;0;14.94
22/07/2015;13.58;0;14.74
23/07/2015;13.33;0;14.49
24/07/2015;13.34;0;14.34
27/07/2015;13.14;0;14.5
28/07/2015;13.14;0;14.8
29/07/2015;13.25;0;14.79
30/07/2015;13.24;0;14.76
31/07/2015;13.28;0;14.79
03/08/2015;13.31;0;14.74
04/08/2015;13.45;0;14.75
05/08/2015;13.4;0;14.8
06/08/2015;13.34;0;14.83
07/08/2015;13.33;0;14.77
10/08/2015;13.37;0;14.67
11/08/2015;13.35;0;14.68
12/08/2015;13.41;0;14.72
13/08/2015;13.43;0;14.82
14/08/2015;13.43;0;14.95
18/08/2015;13.44;0;14.9
19/08/2015;13.43;0;15.0
20/08/2015;13.42;0;15.2
21/08/2015;13.46;0;15.4
24/08/2015;13.52;0;15.69
25/08/2015;13.51;0;15.82
26/08/2015;13.8;0;15.77
27/08/2015;13.74;0;15.52
28/08/2015;13.98;0;15.38
31/08/2015;13.89;0;15.32
01/09/2015;13.91;0;15.36
02/09/2015;13.97;0;15.47
03/09/2015;14.08;0;15.51
04/09/2015;13.95;0;15.33
08/09/2015;13.95;0;15.36
09/09/2015;14.07;0;15.4
10/09/2015;14.04;0;15.39
11/09/2015;14.09;0;15.37
14/09/2015;14.1;0;15.47
15/09/2015;14.13;0;15.53
16/09/2015;14.12;0;15.7
17/09/2015;14.13;0;15.76
18/09/2015;14.13;0;15.71
21/09/2015;14.17;0;15.75
22/09/2015;14.15;0;15.79
23/09/2015;13.2;0;15.78
24/09/2015;13.3;0;15.86
25/09/2015;13.34;0;15.91
28/09/2015;13.83;0;15.86
29/09/2015;13.87;0;15.85
30/09/2015;13.94;0;15.84
01/10/2015;13.93;0;15.73
02/10/2015;13.7;0;15.74
05/10/2015;13.9;0;15.65
06/10/2015;14.02;0;15.59
07/10/2015;13.99;0;15.6
08/10/2015;13.94;0;15.62
09/10/2015;13.87;0;15.68
13/10/2015;13.95;0;15.68
14/10/2015;13.85;0;15.67
15/10/2015;13.67;0;15.68
16/10/2015;13.8;0;15.79
19/10/2015;13.97;0;15.96
20/10/2015;14.05;0;15.88
21/10/2015;13.94;0;15.73
22/10/2015;14.04;0;15.88
23/10/2015;14.11;0;15.9
26/10/2015;14.12;0;15.66
27/10/2015;14.04;0;15.7
28/10/2015;13.57;0;15.75
29/10/2015;13.7;0;15.62
30/10/2015;13.66;0;15.6
02/11/2015;13.69;0;15.48
03/11/2015;13.74;0;15.36
04/11/2015;13.77;0;15.31
05/11/2015;13.74;0;14.99
09/11/2015;13.86;0;14.3
10/11/2015;14.29;0;14.55
11/11/2015;14.37;0;15.18
12/11/2015;14.25;0;15.12
13/11/2015;14.37;0;14.9
16/11/2015;14.46;0;14.95
17/11/2015;14.77;0;15.2
18/11/2015;14.92;0;15.26
19/11/2015;14.86;0;15.05
20/11/2015;14.89;0;14.92
23/11/2015;14.86;0;15.04
24/11/2015;14.6;0;15.09
25/11/2015;14.4;0;14.97
30/11/2015;14.51;0;14.59
01/12/2015;14.47;0;14.34
02/12/2015;14.68;0;14.65
03/12/2015;14.73;0;14.58
04/12/2015;14.79;0;14.66
09/12/2015;15.13;0;14.58
10/12/2015;15.17;0;14.62
11/12/2015;15.35;0;14.71
14/12/2015;15.13;0;14.54
15/12/2015;14.88;0;14.39
16/12/2015;14.53;0;14.42
17/12/2015;14.26;0;14.21
18/12/2015;14.02;0;14.05
21/12/2015;13.93;0;13.75
22/12/2015;13.74;0;13.77
23/12/2015;13.9;0;13.95
28/12/2015;14.33;0;14.17
29/12/2015;14.34;0;14.26
30/12/2015;14.14;0;14.17
04/01/2016;13.69;0;14.05
05/01/2016;13.66;0;14.14
06/01/2016;14.2;0;14.03
07/01/2016;14.16;0;14.04
08/01/2016;14.54;0;14.05
11/01/2016;14.47;0;14.04
12/01/2016;14.19;0;13.98
13/01/2016;13.97;0;14.0
14/01/2016;13.83;0;14.01
15/01/2016;13.71;0;13.98
19/01/2016;13.78;0;13.97
20/01/2016;13.9;0;13.95
21/01/2016;13.86;0;13.96
22/01/2016;13.74;0;13.95
25/01/2016;14.14;0;13.95
26/01/2016;14.02;0;13.96
27/01/2016;14;0;13.97
28/01/2016;14;0;13.89
29/01/2016;13.98;0;13.87
01/02/2016;14.24;0;14.0
02/02/2016;14.4;0;13.9
03/02/2016;14.33;0;13.99
04/02/2016;14.41;0;14.0
05/02/2016;14.51;0;14.01
10/02/2016;14.63;0;14.03
11/02/2016;14.85;0;14.26
12/02/2016;14.95;0;14.55
16/02/2016;15.18;0;14.68
17/02/2016;15.35;0;14.92
18/02/2016;15.36;0;14.95
19/02/2016;15.28;0;14.93
22/02/2016;15.2;0;15.02
23/02/2016;15.32;0;15.03
24/02/2016;15.52;0;15.18
25/02/2016;15.54;0;15.26
26/02/2016;15.45;0;15.25
29/02/2016;15.57;0;15.21
01/03/2016;15.9;0;15.55
02/03/2016;16.03;0;15.4
03/03/2016;15.76;0;15.31
04/03/2016;15.49;0;15.32
07/03/2016;15.46;0;15.33
08/03/2016;15.48;0;15.34
09/03/2016;15.41;0;15.32
10/03/2016;15.35;0;15.31
11/03/2016;15.34;0;15.2
14/03/2016;14.95;0;15.21
15/03/2016;14.81;0;14.95
16/03/2016;14.64;0;15.02
17/03/2016;14.72;0;15.18
18/03/2016;14.88;0;15.16
21/03/2016;14.76;0;14.99
22/03/2016;14.56;0;14.94
23/03/2016;14.46;0;14.9
28/03/2016;14.5;0;15.03
29/03/2016;14.74;0;14.99
30/03/2016;14.75;0;14.9
31/03/2016;14.79;0;14.86
01/04/2016;14.82;0;14.81
04/04/2016;14.86;0;14.79
05/04/2016;14.86;0;14.7
06/04/2016;14.79;0;14.58
07/04/2016;14.75;0;14.55
08/04/2016;14.61;0;14.51
11/04/2016;14.56;0;14.56
12/04/2016;14.61;0;14.61
13/04/2016;14.52;0;14.52
14/04/2016;14.27;0;14.58
15/04/2016;14.51;0;14.54
18/04/2016;14.29;0;14.41
19/04/2016;14.24;0;14.33
20/04/2016;14.41;0;14.28
21/04/2016;14.39;0;14.4
22/04/2016;14.51;0;14.48
25/04/2016;14.47;0;14.45
26/04/2016;14.42;0;14.39
27/04/2016;14.37;0;14.34
28/04/2016;14.25;0;14.31
29/04/2016;14.26;0;14.26
02/05/2016;14.34;0;14.26
03/05/2016;14.24;0;14.26
04/05/2016;14.26;0;14.27
05/05/2016;13.96;0;14.18
06/05/2016;14.19;0;14.14
09/05/2016;14.16;0;14.13
10/05/2016;14.23;0;14.13
11/05/2016;14.23;0;14.2
12/05/2016;14.15;0;14.3
13/05/2016;14.15;0;14.23
16/05/2016;14.17;0;14.28
17/05/2016;14.17;0;14.26
18/05/2016;14.1;0;14.32
19/05/2016;14.03;0;14.29
20/05/2016;14.01;0;14.27
23/05/2016;14.05;0;14.27
24/05/2016;13.97;0;14.26
26/05/2016;14.07;0;14.27
27/05/2016;14.05;0;14.27
31/05/2016;14.05;0;14.11
01/06/2016;14.14;0;14.03
02/06/2016;14.1;0;13.96
03/06/2016;14.03;0;13.88
06/06/2016;13.98;0;13.76
07/06/2016;13.93;0;13.79
08/06/2016;13.98;0;13.83
09/06/2016;13.91;0;13.91
10/06/2016;13.88;0;13.91
13/06/2016;13.88;0;14.01
14/06/2016;13.91;0;14.01
15/06/2016;13.92;0;14.06
16/06/2016;13.87;0;14.02
21/06/2016;14.03;0;14.06
22/06/2016;14.11;0;14.16
23/06/2016;14.28;0;14.35
24/06/2016;14.6;0;14.62
27/06/2016;14.97;0;14.92
28/06/2016;15.4;0;14.62
29/06/2016;15.14;0;14.62
30/06/2016;15.2;0;14.65
01/07/2016;15.32;0;14.65
05/07/2016;15.22;0;14.6
06/07/2016;14.98;0;14.51
07/07/2016;14.95;0;14.4
11/07/2016;14.89;0;14.63
12/07/2016;14.79;0;14.69
13/07/2016;14.68;0;14.66
14/07/2016;14.72;0;14.71
15/07/2016;14.83;0;14.86
18/07/2016;15.03;0;14.99
19/07/2016;15.27;0;14.83
20/07/2016;15.17;0;14.97
21/07/2016;15.18;0;14.93
22/07/2016;15.16;0;15.03
25/07/2016;15.06;0;15.17
26/07/2016;15.07;0;15.13
27/07/2016;15.03;0;15.15
28/07/2016;15.1;0;15.12
29/07/2016;15.11;0;15.07
01/08/2016;15.08;0;15.09
02/08/2016;15.03;0;14.94
03/08/2016;14.93;0;14.92
04/08/2016;14.96;0;14.93
05/08/2016;15.04;0;14.84
08/08/2016;14.97;0;14.93
09/08/2016;14.85;0;14.95
10/08/2016;14.85;0;14.9
11/08/2016;14.85;0;14.9
12/08/2016;14.77;0;14.94
16/08/2016;14.77;0;14.97
17/08/2016;14.76;0;15.03
18/08/2016;14.83;0;15.04
19/08/2016;14.95;0;15.02
22/08/2016;14.93;0;15.06
23/08/2016;14.88;0;15.1
24/08/2016;14.87;0;15.11
25/08/2016;14.91;0;15.09
26/08/2016;14.99;0;15.09
29/08/2016;15.05;0;15.11
30/08/2016;15.2;0;15.09
31/08/2016;15.1;0;15.01
01/09/2016;14.99;0;14.88
02/09/2016;14.95;0;14.99
06/09/2016;15.06;0;14.96
07/09/2016;15.08;0;14.9
08/09/2016;15.13;0;14.98
09/09/2016;15.04;0;14.98
12/09/2016;15.01;0;15.01
13/09/2016;15.04;0;14.97
14/09/2016;15.06;0;15.01
15/09/2016;15.1;0;15.02
16/09/2016;15.1;0;15.1
19/09/2016;15.17;0;15.2
20/09/2016;15.26;0;15.36
21/09/2016;15.24;0;15.28
22/09/2016;15.24;0;15.3
23/09/2016;15.23;0;15.32
26/09/2016;15.2;0;15.4
27/09/2016;15.22;0;15.38
28/09/2016;15.35;0;15.36
29/09/2016;15.41;0;15.34
30/09/2016;15.39;0;15.31
03/10/2016;15.28;0;15.26
04/10/2016;15.22;0;15.17
05/10/2016;15.24;0;15.2
06/10/2016;15.24;0;15.17
07/10/2016;15.26;0;15.15
11/10/2016;15.28;0;15.19
12/10/2016;15.26;0;15.13
13/10/2016;15.2;0;15.15
14/10/2016;15.21;0;15.2
17/10/2016;15.16;0;15.27
18/10/2016;15.25;0;15.24
19/10/2016;15.25;0;15.23
20/10/2016;15.28;0;15.18
21/10/2016;15.26;0;15.16
24/10/2016;15.22;0;15.22
25/10/2016;15.2;0;15.21
26/10/2016;15.26;0;15.18
27/10/2016;15.26;0;15.1
28/10/2016;15.24;0;15.17
31/10/2016;15.29;0;15.16
01/11/2016;15.23;0;15.03
02/11/2016;15.16;0;15.0
03/11/2016;15.19;0;14.97
04/11/2016;15.17;0;15.02
07/11/2016;15.13;0;15.07
08/11/2016;15.16;0;15.02
09/11/2016;15.05;0;14.98
10/11/2016;15.02;0;14.95
11/11/2016;15.1;0;15.05
14/11/2016;15.47;0;15.5
15/11/2016;15.77;0;15.45
16/11/2016;15.61;0;15.4
17/11/2016;15.65;0;15.4
18/11/2016;15.62;0;15.45
21/11/2016;15.6;0;15.42
22/11/2016;15.53;0;15.42
23/11/2016;15.58;0;15.55
29/11/2016;15.65;0;15.7
30/11/2016;15.79;0;15.75
01/12/2016;15.96;0;15.85
02/12/2016;15.86;0;15.95
05/12/2016;16.02;0;15.88
06/12/2016;16.07;0;15.68
07/12/2016;15.98;0;15.9
12/12/2016;16.07;0;15.94
13/12/2016;16.12;0;15.96
14/12/2016;16.09;0;16.03
15/12/2016;16.06;0;16.26
16/12/2016;16.05;0;16.29
19/12/2016;16.09;0;16.34
20/12/2016;15.98;0;16.18
21/12/2016;15.96;0;16.18
22/12/2016;16.01;0;16.24
23/12/2016;15.87;0;16.26
27/12/2016;15.71;0;16.37
28/12/2016;15.73;0;16.4
29/12/2016;15.87;0;16.55
03/01/2017;16.09;0;16.71
04/01/2017;16.02;0;16.56
05/01/2017;16.03;0;16.47
06/01/2017;16.06;0;16.46
09/01/2017;15.91;0;16.48
10/01/2017;16;0;16.45
11/01/2017;15.89;0;16.41
12/01/2017;15.82;0;16.42
13/01/2017;15.84;0;16.39
17/01/2017;15.92;0;16.45
18/01/2017;16.02;0;16.48
19/01/2017;16;0;16.49
20/01/2017;15.96;0;16.46
23/01/2017;15.97;0;16.48
24/01/2017;15.93;0;16.47
25/01/2017;15.96;0;16.45
26/01/2017;16;0;16.4
27/01/2017;16;0;16.4
30/01/2017;16.01;0;16.3
31/01/2017;16.01;0;16.24
01/02/2017;15.96;0;16.21
02/02/2017;15.85;0;16.11
03/02/2017;15.84;0;16.08
06/02/2017;15.73;0;16.08
07/02/2017;15.79;0;16.09
08/02/2017;15.74;0;16.08
09/02/2017;15.73;0;16.03
10/02/2017;15.63;0;16.03
13/02/2017;15.6;0;16.05
14/02/2017;15.57;0;16.01
15/02/2017;15.56;0;15.92
16/02/2017;15.48;0;15.98
17/02/2017;15.49;0;16.08
21/02/2017;15.73;0;16.02
22/02/2017;15.68;0;15.95
23/02/2017;15.68;0;15.86
24/02/2017;15.62;0;15.88
01/03/2017;15.59;0;15.84
02/03/2017;15.53;0;15.62
03/03/2017;15.53;0;15.67
06/03/2017;15.58;0;15.7
07/03/2017;15.53;0;15.69
08/03/2017;15.64;0;15.62
09/03/2017;15.69;0;15.62
10/03/2017;15.62;0;15.64
13/03/2017;15.57;0;15.68
14/03/2017;15.53;0;15.67
15/03/2017;15.56;0;15.66
16/03/2017;15.63;0;15.64
17/03/2017;15.59;0;15.67
20/03/2017;15.57;0;15.8
21/03/2017;15.67;0;15.73
22/03/2017;15.63;0;15.68
23/03/2017;15.62;0;15.69
27/03/2017;15.61;0;15.71
28/03/2017;15.63;0;15.67
29/03/2017;15.59;0;15.5
30/03/2017;15.5;0;15.49
31/03/2017;15.49;0;15.58
03/04/2017;15.51;0;15.59
04/04/2017;15.49;0;15.48
05/04/2017;15.49;0;15.47
06/04/2017;15.48;0;15.47
07/04/2017;15.51;0;15.29
10/04/2017;15.46;0;15.23
11/04/2017;15.43;0;15.29
12/04/2017;15.48;0;15.29
17/04/2017;15.48;0;15.51
18/04/2017;15.48;0;15.47
19/04/2017;15.65;0;15.7
20/04/2017;15.76;0;15.69
21/04/2017;15.47;0;15.69
24/04/2017;15.53;0;15.72
25/04/2017;15.47;0;15.7
26/04/2017;15.43;0;15.66
27/04/2017;15.51;0;15.55
28/04/2017;15.48;0;15.59
02/05/2017;15.45;0;15.57
03/05/2017;15.32;0;15.49
04/05/2017;15.35;0;15.51
05/05/2017;15.39;0;15.51
08/05/2017;15.34;0;15.61
09/05/2017;15.461;0;15.55
10/05/2017;15.56;0;15.44
11/05/2017;15.5;0;15.52
12/05/2017;15.5;0;15.53
15/05/2017;15.53;0;15.57
16/05/2017;15.59;0;15.65
17/05/2017;15.63;0;15.66
18/05/2017;15.67;0;15.8
19/05/2017;15.9;0;15.71
22/05/2017;15.92;0;15.82
23/05/2017;16.21;0;15.88
24/05/2017;16.2;0;15.89
26/05/2017;16.22;0;15.94
30/05/2017;16.09;0;16.05
31/05/2017;16.22;0;15.99
01/06/2017;16.2;0;15.9
02/06/2017;16.1;0;15.92
05/06/2017;16.11;0;15.94
06/06/2017;16.11;0;15.98
07/06/2017;16.15;0;15.96
08/06/2017;16.1;0;15.94
09/06/2017;15.97;0;15.95
12/06/2017;15.9;0;16.01
13/06/2017;15.9;0;16.01
14/06/2017;15.87;0;16.11
15/06/2017;15.94;0;16.09
16/06/2017;16;0;16.13
19/06/2017;16.07;0;16.24
21/06/2017;16.13;0;16.3
22/06/2017;16.16;0;16.13
23/06/2017;16.15;0;16.16
26/06/2017;16.25;0;16.27
27/06/2017;16.37;0;16.32
28/06/2017;16.32;0;16.27
29/06/2017;16.41;0;16.31
30/06/2017;16.45;0;16.44
03/07/2017;16.64;0;16.51
05/07/2017;16.84;0;16.81
06/07/2017;17.09;0;16.85
07/07/2017;16.96;0;16.8
10/07/2017;16.94;0;16.9
11/07/2017;17.02;0;16.02
12/07/2017;17.14;0;17.1
13/07/2017;17.11;0;17.2
14/07/2017;17.09;0;17.17
17/07/2017;16.96;0;17.32
18/07/2017;17;0;17.44
19/07/2017;17.21;0;17.42
20/07/2017;17.22;0;17.44
21/07/2017;17.32;0;17.56
24/07/2017;17.55;0;17.65
25/07/2017;17.56;0;17.74
26/07/2017;17.59;0;17.87
27/07/2017;17.54;0;18.02
28/07/2017;17.81;0;18.03
31/07/2017;17.87;0;17.65
01/08/2017;17.72;0;17.69
02/08/2017;17.72;0;17.86
03/08/2017;17.64;0;17.78
04/08/2017;17.72;0;17.75
07/08/2017;17.71;0;17.79
08/08/2017;17.8;0;18.0
09/08/2017;17.83;0;18.01
10/08/2017;17.81;0;18.08
11/08/2017;17.78;0;18.08
14/08/2017;17.91;0;17.7
15/08/2017;17.21;0;17.75
16/08/2017;17.12;0;17.9
17/08/2017;17.26;0;17.95
18/08/2017;17.35;0;17.9
22/08/2017;17.3;0;17.92
23/08/2017;17.25;0;17.9
24/08/2017;17.37;0;17.86
25/08/2017;17.24;0;17.88
28/08/2017;17.24;0;17.91
29/08/2017;17.25;0;17.89
30/08/2017;17.39;0;17.86
31/08/2017;17.5;0;17.83
01/09/2017;17.4;0;17.75
05/09/2017;17.32;0;17.59
06/09/2017;17.34;0;17.55
07/09/2017;17.27;0;17.43
08/09/2017;17.25;0;17.48
11/09/2017;17.22;0;17.54
12/09/2017;17.2;0;17.48
13/09/2017;17.1;0;17.45
14/09/2017;17.12;0;17.46
15/09/2017;17.02;0;17.44
18/09/2017;17.04;0;17.52
19/09/2017;17.19;0;17.55
20/09/2017;17.19;0;17.57
21/09/2017;17.26;0;17.55
22/09/2017;17.33;0;17.55
25/09/2017;17.39;0;17.57
26/09/2017;17.551;0;17.65
27/09/2017;17.58;0;17.59
28/09/2017;17.57;0;17.57
29/09/2017;17.6;0;17.51
02/10/2017;17.41;0;17.56
03/10/2017;17.45;0;17.5
04/10/2017;17.53;0;17.42
05/10/2017;17.44;0;17.4
06/10/2017;17.44;0;17.41
09/10/2017;17.5;0;17.47
10/10/2017;17.55;0;17.46
11/10/2017;17.51;0;17.45
12/10/2017;17.54;0;17.49
13/10/2017;17.51;0;17.5
17/10/2017;17.55;0;17.62
18/10/2017;17.49;0;17.65
19/10/2017;17.38;0;17.58
20/10/2017;17.45;0;17.61
23/10/2017;17.49;0;17.67
24/10/2017;17.49;0;17.74
25/10/2017;17.48;0;17.7
26/10/2017;17.45;0;17.68
27/10/2017;17.73;0;17.72
30/10/2017;17.63;0;17.75
31/10/2017;17.73;0;17.7
01/11/2017;17.7;0;17.63
02/11/2017;17.6;0;17.63
03/11/2017;17.52;0;17.61
07/11/2017;17.67;0;17.6
08/11/2017;17.6;0;17.5
09/11/2017;17.53;0;17.55
10/11/2017;17.49;0;17.58
13/11/2017;17.4;0;17.68
14/11/2017;17.54;0;17.67
15/11/2017;17.51;0;17.66
16/11/2017;17.57;0;17.66
17/11/2017;17.68;0;17.69
21/11/2017;17.64;0;17.72
22/11/2017;17.57;0;17.74
24/11/2017;17.47;0;17.77
27/11/2017;17.5;0;17.71
28/11/2017;17.44;0;17.74
29/11/2017;17.43;0;17.72
30/11/2017;17.43;0;17.56
01/12/2017;17.42;0;17.61
04/12/2017;17.29;0;17.67
05/12/2017;17.37;0;17.56
06/12/2017;17.34;0;17.55
07/12/2017;17.31;0;17.48
11/12/2017;17.32;0;17.53
12/12/2017;17.29;0;17.55
13/12/2017;17.29;0;17.43
14/12/2017;17.38;0;17.56
15/12/2017;17.52;0;17.69
18/12/2017;17.72;0;17.85
19/12/2017;17.76;0;17.74
20/12/2017;17.84;0;17.66
21/12/2017;17.78;0;17.83
22/12/2017;17.97;0;18.07
26/12/2017;18.06;0;18.5
27/12/2017;18.31;0;18.65
28/12/2017;18.38;0;19.15
29/12/2017;18.93;0;18.88
02/01/2018;18.72;0;18.85
03/01/2018;18.38;0;18.89
04/01/2018;18.53;0;19.01
05/01/2018;18.82;0;19.05
08/01/2018;18.89;0;19.18
09/01/2018;19.12;0;19.14
10/01/2018;18.98;0;18.92
11/01/2018;18.64;0;19.01
12/01/2018;18.83;0;19.14
16/01/2018;18.78;0;19.2
17/01/2018;19.05;0;19.22
18/01/2018;18.94;0;19.24
19/01/2018;18.95;0;19.29
22/01/2018;19.02;0;19.4
23/01/2018;19.17;0;19.48
24/01/2018;19.38;0;19.63
25/01/2018;19.64;0;19.56
26/01/2018;19.64;0;19.58
29/01/2018;19.62;0;19.63
30/01/2018;19.62;0;19.64
31/01/2018;19.68;0;19.55
01/02/2018;19.7;0;19.53
02/02/2018;19.49;0;19.52
05/02/2018;19.51;0;19.52
06/02/2018;19.48;0;19.49
07/02/2018;19.58;0;19.45
08/02/2018;19.7;0;19.53
09/02/2018;20;0;19.83
14/02/2018;20.03;0;19.8
15/02/2018;20.15;0;18.72
16/02/2018;20.03;0;19.75
20/02/2018;20.11;0;19.76
21/02/2018;19.98;0;19.8
22/02/2018;20.01;0;19.91
23/02/2018;20.06;0;19.95
26/02/2018;20.03;0;20.0
27/02/2018;20.32;0;20.0
28/02/2018;20.31;0;19.95
01/03/2018;20.16;0;20.0
02/03/2018;20.38;0;20.1
05/03/2018;20.43;0;20.15
06/03/2018;20.33;0;20.25
07/03/2018;20.41;0;20.28
08/03/2018;20.42;0;20.25
09/03/2018;20.45;0;20.21
12/03/2018;20.32;0;20.2
13/03/2018;20.29;0;20.27
14/03/2018;20.25;0;20.35
15/03/2018;20.22;0;20.42
16/03/2018;20.29;0;20.49
19/03/2018;20.23;0;20.52
20/03/2018;20.13;0;20.57
21/03/2018;20.27;0;20.58
22/03/2018;20.29;0;20.5
23/03/2018;20.3;0;20.54
26/03/2018;20.29;0;20.48
27/03/2018;20.19;0;20.36
28/03/2018;20.15;0;20.36
03/04/2018;20.2;0;20.42
04/04/2018;20.18;0;20.2
05/04/2018;20.21;0;20.25
06/04/2018;20.22;0;20.24
09/04/2018;20.25;0;20.21
10/04/2018;20.3;0;20.21
11/04/2018;20.2;0;20.3
12/04/2018;20.19;0;20.3
13/04/2018;20.19;0;20.3
16/04/2018;20.21;0;20.3
17/04/2018;20.18;0;20.3
18/04/2018;20.19;0;20.23
19/04/2018;20.14;0;20.15
20/04/2018;20.23;0;20.18
23/04/2018;20.24;0;20.17
24/04/2018;20.26;0;20.19
25/04/2018;20.23;0;20.16
26/04/2018;20.22;0;20.45
27/04/2018;20.83;0;20.6
02/05/2018;20.66;0;21.1
03/05/2018;21.29;0;23.1
04/05/2018;22.75;0;21.8
07/05/2018;22.03;0;21.9
08/05/2018;22.38;0;22.4
09/05/2018;22.38;0;22.9
10/05/2018;22.68;0;22.95
11/05/2018;22.6;0;23.65
14/05/2018;24.13;0;25.8
15/05/2018;25.73;0;24.0
16/05/2018;24.8;0;24.2
17/05/2018;24.91;0;24.6
18/05/2018;24.91;0;24.6
21/05/2018;24.91;0;24.4
22/05/2018;24.49;0;24.4
23/05/2018;24.32;0;24.49
24/05/2018;24.42;0;24.8
29/05/2018;24.74;0;25.05
30/05/2018;24.93;0;25.1
31/05/2018;24.96;0;25.17
01/06/2018;25.02;0;25.2
04/06/2018;25.17;0;25.2
05/06/2018;24.99;0;25.1
06/06/2018;25.12;0;24.75
07/06/2018;25.05;0;24.85
08/06/2018;25.03;0;25.2
11/06/2018;25.49;0;25.5
12/06/2018;26.05;0;25.7
13/06/2018;26.7;0;26.0
14/06/2018;26.27;0;27.2
15/06/2018;28.18;0;27.7
18/06/2018;28.51;0;27.5
19/06/2018;27.6;0;27.5
21/06/2018;28.23;0;27.5
22/06/2018;28.07;0;27.1
25/06/2018;27.36;0;27.3
26/06/2018;27.19;0;27.3
27/06/2018;27.29;0;27.3
28/06/2018;27.29;0;27.5
29/06/2018;28.23;0;28.4
02/07/2018;28.64;0;28.3
03/07/2018;28.67;0;28.0
05/07/2018;27.98;0;27.9
06/07/2018;28.27;0;27.9
10/07/2018;28.05;0;27.5
11/07/2018;27.29;0;27.5
12/07/2018;27.43;0;27.4
13/07/2018;27.28;0;27.68
16/07/2018;27.28;0;27.85
17/07/2018;27.31;0;27.8
18/07/2018;27.62;0;27.65
19/07/2018;27.72;0;27.65
20/07/2018;27.74;0;27.9
23/07/2018;27.69;0;27.8
24/07/2018;27.73;0;27.7
25/07/2018;27.48;0;27.7
26/07/2018;27.4;0;27.7
27/07/2018;27.47;0;27.7
30/07/2018;27.37;0;27.65
31/07/2018;27.33;0;27.45
01/08/2018;27.45;0;27.45
02/08/2018;27.64;0;27.4
03/08/2018;27.43;0;27.35
06/08/2018;27.3;0;27.3
07/08/2018;27.31;0;27.3
08/08/2018;27.28;0;27.3
09/08/2018;27.65;0;27.5
10/08/2018;28.1;0;28.5
13/08/2018;29.55;0;29.5
14/08/2018;30.21;0;29.5
15/08/2018;29.9;0;29.5
16/08/2018;30.33;0;29.1
17/08/2018;30.03;0;29.2
21/08/2018;30.05;0;29.5
22/08/2018;30.06;0;29.8
23/08/2018;30.32;0;29.95
24/08/2018;30.56;0;30.35
27/08/2018;30.94;0;31.2
28/08/2018;31.17;0;32.0
29/08/2018;31.81;0;34.0
30/08/2018;33.76;0;38.5
31/08/2018;39.5;0;36.0
04/09/2018;37.87;0;38.0
05/09/2018;39.19;0;37.2
06/09/2018;37.72;0;36.6
07/09/2018;37.72;0;36.5
10/09/2018;37.19;0;35.7
11/09/2018;37.6;0;36.5
12/09/2018;38.19;0;37.0
13/09/2018;38.64;0;38.0
14/09/2018;39.91;0;38.0
17/09/2018;40.07;0;38.35
18/09/2018;39.8;0;38.0
19/09/2018;40.14;0;38.0
20/09/2018;39.5;0;37.5
21/09/2018;38.17;0;36.75
24/09/2018;37.31;0;36.75
25/09/2018;37.48;0;38.5
26/09/2018;38.38;0;37.75
27/09/2018;38.48;0;39.0
28/09/2018;39.77;0;39.3
01/10/2018;41.41;0;38.0
02/10/2018;39.53;0;36.5
03/10/2018;38.15;0;37.0
04/10/2018;37.73;0;36.8
08/10/2018;37.82;0;36.0
09/10/2018;37.42;0;36.0
10/10/2018;37.08;0;36.0
11/10/2018;37.51;0;36.0
12/10/2018;36.87;0;35.8
16/10/2018;37.14;0;35.7
17/10/2018;36.2;0;35.7
18/10/2018;36.31;0;35.75
19/10/2018;36.83;0;35.75
22/10/2018;36.62;0;35.25
23/10/2018;36.68;0;35.3
24/10/2018;36.9;0;35.2
25/10/2018;37.35;0;35.2
26/10/2018;36.91;0;35.25
29/10/2018;36.81;0;35.0
30/10/2018;37.08;0;35.0
31/10/2018;36.68;0;34.5
01/11/2018;35.85;0;34.25
02/11/2018;35.94;0;34.25
05/11/2018;35.57;0;33.6
06/11/2018;35.72;0;0
07/11/2018;35.72;0;33.5
08/11/2018;35.75;0;33.5
09/11/2018;35.71;0;33.5
12/11/2018;35.6;0;33.25
13/11/2018;35.44;0;34.0
14/11/2018;35.44;0;34.0
15/11/2018;36.08;0;34.09
16/11/2018;36.08;0;34.06
20/11/2018;36.01;0;34.26
21/11/2018;36.23;0;34.3
23/11/2018;36.23;0;35.5
26/11/2018;37.81;0;37.0
27/11/2018;38.72;0;36.5
28/11/2018;38.59;0;36.0
29/11/2018;38.58;0;36.0
03/12/2018;37.69;0;35.0
04/12/2018;36.61;0;35.0
06/12/2018;37.4;0;35.5
07/12/2018;38.03;0;35.5
10/12/2018;37.64;0;35.5
11/12/2018;37.65;0;35.5
12/12/2018;37.65;0;35.5
13/12/2018;37.59;0;35.65
14/12/2018;37.84;0;35.65
17/12/2018;38.57;0;36.5
18/12/2018;38.57;0;36.5
19/12/2018;38.49;0;37.0
20/12/2018;38.61;0;37.0
21/12/2018;38.59;0;37.0
26/12/2018;38.1;0;37.75
27/12/2018;38.46;0;38.0
28/12/2018;38.54;0;38.5
02/01/2019;37.81;0;38.5
03/01/2019;37.81;0;38.25
04/01/2019;37.61;0;38.0
07/01/2019;37.47;0;37.5
08/01/2019;37.5;0;37.25
09/01/2019;37.51;0;37.75
10/01/2019;37.46;0;37.25
11/01/2019;37.24;0;37.25
14/01/2019;37.09;0;37.25
15/01/2019;36.89;0;37.25
16/01/2019;37.09;0;37.25
17/01/2019;37.62;0;37.0
18/01/2019;37.9;0;37.0
22/01/2019;37.78;0;36.75
23/01/2019;37.63;0;37.0
24/01/2019;37.63;0;36.5
25/01/2019;37.48;0;36.25
28/01/2019;37.01;0;36.25
29/01/2019;37.08;0;36.5
30/01/2019;37.5;0;36.25
31/01/2019;37.41;0;35.5
01/02/2019;37.45;0;35.75
04/02/2019;37.31;0;35.5
05/02/2019;37.13;0;35.3
06/02/2019;37.15;0;35.25
07/02/2019;37.48;0;36.75
08/02/2019;37.76;0;36.5
11/02/2019;37.85;0;37.0
12/02/2019;38.05;0;37.0
13/02/2019;38.02;0;37.25
14/02/2019;38.23;0;37.5
15/02/2019;38.35;0;37.75
19/02/2019;39.32;0;38.0
20/02/2019;39.96;0;38.75
21/02/2019;39.96;0;38.25
22/02/2019;39.76;0;38.75
25/02/2019;39.34;0;36.75
26/02/2019;39.19;0;37.25
27/02/2019;39.09;0;38.0
28/02/2019;39.04;0;38.0
01/03/2019;39.35;0;37.0
06/03/2019;40.31;0;38.5
07/03/2019;40.76;0;41.5
08/03/2019;42.8;0;40.0
11/03/2019;41.43;0;40.0
12/03/2019;41.32;0;40.25
13/03/2019;41.39;0;40.5
14/03/2019;41.27;0;40.0
15/03/2019;40.8;0;39.0
18/03/2019;40.13;0;40.0
19/03/2019;40.02;0;40.25
20/03/2019;40.31;0;40.25
21/03/2019;40.74;0;39.25
22/03/2019;40.96;0;39.75
25/03/2019;42.07;0;40.9
26/03/2019;42.04;0;41.55
27/03/2019;42.58;0;43.0
28/03/2019;43.92;0;41.8
29/03/2019;43.67;0;42.65
01/04/2019;43.53;0;42.5
03/04/2019;43.27;0;42.5
04/04/2019;42.71;0;42.65
05/04/2019;43.4;0;43.0
08/04/2019;43.49;0;43.0
09/04/2019;43.49;0;43.0
10/04/2019;43.41;0;43.0
11/04/2019;43.05;0;43.0
12/04/2019;42.97;0;42.65
15/04/2019;42.26;0;42.5
16/04/2019;41.77;0;42.8
17/04/2019;43.06;0;41.4
22/04/2019;42.36;0;43.35
23/04/2019;42.68;0;43.15
24/04/2019;42.43;0;43.5
25/04/2019;44.54;0;45.0
26/04/2019;45.1;0;45.1
29/04/2019;46.46;0;44.07
30/04/2019;46.46;0;45.0
02/05/2019;44.38;0;45.25
03/05/2019;44.99;0;44.55
06/05/2019;44.66;0;45.5
07/05/2019;44.93;0;45.0
08/05/2019;45.43;0;45.0
09/05/2019;45.42;0;45.0
10/05/2019;45.24;0;44.5
13/05/2019;45.07;0;44.5
14/05/2019;45.36;0;44.5
15/05/2019;45.85;0;44.5
16/05/2019;44.97;0;44.5
17/05/2019;45.12;0;44.6
20/05/2019;45.31;0;44.85
21/05/2019;45.4;0;44.75
22/05/2019;44.92;0;44.6
23/05/2019;44.92;0;44.7
24/05/2019;45.31;0;44.65
28/05/2019;45.16;0;44.7
29/05/2019;44.88;0;44.7
30/05/2019;44.78;0;44.4
31/05/2019;44.86;0;44.5
03/06/2019;44.84;0;44.6
04/06/2019;44.87;0;44.5
05/06/2019;44.49;0;44.1
06/06/2019;44.74;0;44.15
07/06/2019;44.95;0;44.2
10/06/2019;44.96;0;44.0
11/06/2019;44.78;0;44.0
12/06/2019;44.1;0;43.8
13/06/2019;42.93;0;43.8
14/06/2019;43.56;0;43.7
18/06/2019;44.26;0;43.65
19/06/2019;43.72;0;43.4
21/06/2019;43.5;0;43.0
24/06/2019;43.02;0;42.94
25/06/2019;42.68;0;42.6
26/06/2019;42.6;0;42.7
27/06/2019;42.74;0;42.7
28/06/2019;43.07;0;42.3
01/07/2019;43.05;0;41.95
02/07/2019;42.46;0;42.0
03/07/2019;42.25;0;41.55
05/07/2019;42.29;0;41.4
10/07/2019;42.21;0;41.3
11/07/2019;41.95;0;41.7
12/07/2019;41.92;0;41.75
15/07/2019;41.94;0;42.25
16/07/2019;42.44;0;42.95
17/07/2019;42.82;0;42.7
18/07/2019;42.64;0;42.45
19/07/2019;42.62;0;42.45
22/07/2019;42.62;0;42.55
23/07/2019;42.47;0;42.75
24/07/2019;42.98;0;43.1
25/07/2019;43.41;0;43.45
26/07/2019;43.79;0;43.45
29/07/2019;43.51;0;43.65
30/07/2019;43.88;0;43.65
31/07/2019;44.04;0;43.7
01/08/2019;44.78;0;43.93
02/08/2019;44.78;0;44.4
05/08/2019;45.04;0;45.1
06/08/2019;45.75;0;44.9
07/08/2019;45.78;0;45.0
08/08/2019;45.66;0;45.22
09/08/2019;45.51;0;45.4
12/08/2019;46.19;0;53.0
13/08/2019;55.39;0;53.0
14/08/2019;57.5;0;58.5
15/08/2019;60.95;0;55.0
16/08/2019;58.15;0;55.0
20/08/2019;56.87;0;53.0
21/08/2019;56.23;0;54.5
22/08/2019;55.56;0;54.0
23/08/2019;55.32;0;54.0
26/08/2019;55.56;0;54.5
27/08/2019;55.94;0;56.0
28/08/2019;57.15;0;59.5
29/08/2019;60.87;0;57.75
30/08/2019;59.68;0;60.0
02/09/2019;65.22;0;59.5
03/09/2019;61.87;0;57.0
04/09/2019;62.06;0;54.0
05/09/2019;61.8;0;54.0
06/09/2019;61.96;0;55.0
09/09/2019;64.74;0;55.0
10/09/2019;64.06;0;54.5
11/09/2019;66.24;0;55.0
12/09/2019;67.62;0;55.0
13/09/2019;68.78;0;57.5
16/09/2019;71.23;0;58.5
17/09/2019;69.03;0;59.0
18/09/2019;68.65;0;59.75
19/09/2019;69.4;0;60.0
20/09/2019;68.87;0;58.75
23/09/2019;68.29;0;59.25
24/09/2019;67.45;0;58.75
25/09/2019;65.93;0;58.75
26/09/2019;63.76;0;59.0
27/09/2019;64.09;0;58.5
30/09/2019;62.58;0;58.25
01/10/2019;63.31;0;57.75
02/10/2019;66.08;0;58.5
03/10/2019;67.91;0;58.0
04/10/2019;65.71;0;58.25
07/10/2019;66.97;0;58.25
08/10/2019;64.68;0;57.5
09/10/2019;67.34;0;59.75
10/10/2019;68.16;0;61.0
11/10/2019;68.23;0;61.5
15/10/2019;68.45;0;61.5
16/10/2019;68.65;0;62.5
17/10/2019;69.31;0;64.5
18/10/2019;73.83;0;62.25
21/10/2019;73.83;0;63.25
22/10/2019;75.17;0;64.25
23/10/2019;79.59;0;66.75
24/10/2019;77.38;0;66.75
25/10/2019;79.62;0;72.75
28/10/2019;81.08;0;71.0
29/10/2019;81.53;0;64.0
30/10/2019;75.7;0;64.0
31/10/2019;78.54;0;66.0
01/11/2019;79.97;0;64.5
04/11/2019;80;0;62.5
05/11/2019;79.03;0;61.5
06/11/2019;78.79;0;62.0
07/11/2019;78.49;0;61.0
08/11/2019;78.22;0;62.25
11/11/2019;78.2;0;61.5
12/11/2019;77.12;0;62.5
13/11/2019;78.11;0;63.75
14/11/2019;75.97;0;63.75
15/11/2019;76.77;0;63.75
19/11/2019;75.67;0;63.5
20/11/2019;75.84;0;63.75
21/11/2019;75.34;0;63.75
22/11/2019;75.02;0;65.5
25/11/2019;75.02;0;65.0
26/11/2019;74.82;0;65.25
27/11/2019;72.27;0;66.25
28/11/2019;72.84;0;66.75
29/11/2019;73.49;0;66.25
02/12/2019;74.33;0;64.25
03/12/2019;75.01;0;64.5
04/12/2019;74.64;0;65.0
05/12/2019;76.39;0;66.0
06/12/2019;79.13;0;68.0
09/12/2019;78.88;0;66.0
10/12/2019;76.6;0;65.5
11/12/2019;74.19;0;64.5
12/12/2019;75.96;0;62.5
13/12/2019;73.18;0;61.75
16/12/2019;74.07;0;68.5
17/12/2019;76.03;0;69.0
18/12/2019;74.18;0;72.0
19/12/2019;72.87;0;72.75
20/12/2019;72.63;0;70.0
23/12/2019;72.82;0;71.75
26/12/2019;73.43;0;75.0
27/12/2019;72.94;0;73.5
30/12/2019;73.55;0;73.5
02/01/2020;74.41;0;72.0
03/01/2020;75.06;0;72.0
06/01/2020;78;0;72.25
07/01/2020;77.87;0;71.25
08/01/2020;77.54;0;71.5
09/01/2020;78.27;0;71.5
10/01/2020;77.86;0;71.5
13/01/2020;79.61;0;71.5
14/01/2020;80.9;0;73.5
15/01/2020;81.09;0;74.0
16/01/2020;80.84;0;73.75
17/01/2020;81.81;0;73.75
20/01/2020;80.44;0;74.0
21/01/2020;81.05;0;73.5
22/01/2020;81.66;0;73.75
23/01/2020;81.64;0;73.75
24/01/2020;84;0;74.5
27/01/2020;83.29;0;74.0
28/01/2020;83.54;0;74.25
29/01/2020;84.63;0;74.25
30/01/2020;84.11;0;74.0
31/01/2020;84.88;0;74.0
03/02/2020;85.41;0;74.0
04/02/2020;84.45;0;74.0
05/02/2020;84.82;0;74.0
06/02/2020;84.83;0;73.5
07/02/2020;84.24;0;73.5
10/02/2020;84.62;0;73.0
11/02/2020;84.03;0;73.5
12/02/2020;83.74;0;74.25
13/02/2020;82.47;0;74.9
14/02/2020;83.45;0;73.9
17/02/2020;83.23;0;74.0
18/02/2020;82.92;0;74.7
19/02/2020;81.5;0;74.9
20/02/2020;81.74;0;74.8
21/02/2020;81.36;0;74.8
26/02/2020;80.57;0;74.7
27/02/2020;80.68;0;74.5
28/02/2020;80.56;0;74.5
02/03/2020;82.03;0;74.5
03/03/2020;82.48;0;74.5
04/03/2020;82.01;0;74.5
05/03/2020;81.55;0;74.5
06/03/2020;81.95;0;74.5
09/03/2020;83.22;0;75.5
10/03/2020;86.49;0;75.75
11/03/2020;84.85;0;76.0
12/03/2020;87.1;0;79.0
13/03/2020;89.04;0;79.75
16/03/2020;89.15;0;81.0
17/03/2020;89.31;0;82.5
18/03/2020;88.19;0;84.25
19/03/2020;89.53;0;81.5
20/03/2020;91.6;91.4;80.5
21/03/2020;91.6;91.4;0
22/03/2020;91.6;91.4;0
23/03/2020;91.6;91.4;0
24/03/2020;91.6;91.4;0
25/03/2020;87.99;86.79;79.5
26/03/2020;84.36;83.2;79.5
27/03/2020;86.49;85.42;78.5
28/03/2020;86.49;85.42;0
29/03/2020;86.49;85.42;0
30/03/2020;86.92;85.96;78.5
31/03/2020;86.92;85.96;0
01/04/2020;87.92;87.88;79.5
02/04/2020;88.81;87.78;78.5
03/04/2020;89.09;88.42;78.5
04/04/2020;89.09;88.42;0
05/04/2020;89.09;88.42;0
06/04/2020;90.78;89.57;80.0
07/04/2020;90.44;90.44;80.0
08/04/2020;94.69;94.27;80.0
09/04/2020;94.69;94.27;0
10/04/2020;94.69;94.27;0
11/04/2020;94.69;94.27;0
12/04/2020;94.69;94.27;0
13/04/2020;102.21;101.09;84.25
14/04/2020;107.42;106.26;85.0
15/04/2020;108.79;108.32;90.0
16/04/2020;102.1;103.37;95.0
17/04/2020;102.64;99.84;96.0
18/04/2020;102.64;99.84;0
19/04/2020;102.64;99.84;0
20/04/2020;105.27;104.23;96.0
21/04/2020;109.56;108.43;98.0
22/04/2020;111.11;109.18;100.0
23/04/2020;111.57;110.05;110.0
24/04/2020;112.02;108.35;107.0
25/04/2020;112.02;108.35;0
26/04/2020;112.02;108.35;0
27/04/2020;115.09;112.92;108.0
28/04/2020;119.64;116.95;110.0
29/04/2020;109.76;108.87;111.0
30/04/2020;114.65;112.31;108.0
01/05/2020;114.65;112.31;0
02/05/2020;114.65;112.31;0
03/05/2020;114.65;112.31;0
04/05/2020;112.56;110.19;110.0
05/05/2020;119.91;117.08;110.0
06/05/2020;118.43;115.88;112.0
07/05/2020;117.81;115.77;112.0
08/05/2020;115.35;112.98;112.0
09/05/2020;115.35;112.98;0
10/05/2020;115.35;112.98;0
11/05/2020;118.53;115.98;114.5
12/05/2020;121.96;119.31;117.0
13/05/2020;125.76;122.77;123.0
14/05/2020;122.83;119.36;128.0
15/05/2020;121.32;117.95;128.0
16/05/2020;121.32;117.95;0
17/05/2020;121.32;117.95;0
18/05/2020;118.78;115.54;118.0
19/05/2020;118.38;114.22;114.0
20/05/2020;119.51;114.84;114.0
21/05/2020;117.42;114.37;115.0
22/05/2020;113.92;109.53;116.0
23/05/2020;113.92;109.53;0
24/05/2020;113.92;109.53;0
25/05/2020;113.92;109.53;0
26/05/2020;110.64;106.32;119.0
27/05/2020;109.84;105.56;117.0
28/05/2020;112.69;109.41;114.0
29/05/2020;113.42;107.71;115.0
30/05/2020;113.42;107.71;0
31/05/2020;113.42;107.71;0
01/06/2020;114.08;108.77;118.0
02/06/2020;114.05;106.39;114.0
03/06/2020;114.71;107.91;113.0
04/06/2020;114.41;108.27;113.0
05/06/2020;115.34;109.86;115.0
06/06/2020;115.34;109.86;0
07/06/2020;115.34;109.86;0
08/06/2020;116.37;110;115.0
09/06/2020;116.08;108.73;114.0
10/06/2020;114.4;108.07;114.0
11/06/2020;112.27;107.49;113.0
12/06/2020;109.27;106.59;116.0
13/06/2020;109.27;106.59;0
14/06/2020;109.27;106.59;0
15/06/2020;109.27;106.59;0
16/06/2020;109.12;105.31;115.0
17/06/2020;107.68;104.96;114.0
18/06/2020;109.81;107.1;117.0
19/06/2020;110;109.53;118.0
20/06/2020;110;109.53;0
21/06/2020;110;109.53;0
22/06/2020;105.49;108.12;117.0
23/06/2020;108.58;107.67;117.0
24/06/2020;108.03;107.3;118.0
25/06/2020;106.1;104.21;118.0
26/06/2020;105.7;102.47;119.0
27/06/2020;105.7;102.47;0
28/06/2020;105.7;102.47;0
29/06/2020;104.07;100.39;119.0
30/06/2020;104.14;100.53;116.0
01/07/2020;108.1;105.5;118.0
02/07/2020;109.73;107.24;119.0
03/07/2020;108.55;105.79;117.0
04/07/2020;108.55;105.79;0
05/07/2020;108.55;105.79;0
06/07/2020;108.11;106.7;117.0
07/07/2020;109.48;108.58;117.0
08/07/2020;109.12;108.98;117.0
09/07/2020;109.12;108.98;0
10/07/2020;109.12;108.98;117.0
11/07/2020;109.12;108.98;0
12/07/2020;109.12;108.98;0
13/07/2020;111.73;109.73;117.0
14/07/2020;113.06;110.97;117.0
15/07/2020;113.37;112.02;117.0
16/07/2020;113.62;112;120.0
17/07/2020;117.86;115.39;125.0
18/07/2020;117.86;115.39;0
19/07/2020;117.86;115.39;0
20/07/2020;119.2;117.57;125.0
21/07/2020;118.89;116.07;127.0
22/07/2020;116.91;114.45;128.0
23/07/2020;114.39;111.78;131.0
24/07/2020;117.48;114.57;134.0
25/07/2020;117.48;114.57;0
26/07/2020;117.48;114.57;0
27/07/2020;117.98;115.67;131.0
28/07/2020;118.48;115.89;130.0
29/07/2020;118.26;116.72;130.0
30/07/2020;121.41;119.54;131.0
31/07/2020;124.1;122.21;131.0
01/08/2020;124.1;122.21;0
02/08/2020;124.1;122.21;0
03/08/2020;122;122;131.0
04/08/2020;119.18;116.28;123.0
05/08/2020;119.46;117.17;124.0
06/08/2020;123.53;121.68;125.0
07/08/2020;126.56;124.65;127.0
08/08/2020;126.56;124.65;0
09/08/2020;126.56;124.65;0
10/08/2020;128.35;125.84;126.0
11/08/2020;127.77;124.53;126.0
12/08/2020;130.05;125.73;127.0
13/08/2020;130.22;125.3;128.0
14/08/2020;126.8;124.22;127.0
15/08/2020;126.8;124.22;0
16/08/2020;126.8;124.22;0
17/08/2020;126.8;124.22;127.0
18/08/2020;129.06;125.69;127.0
19/08/2020;131.4;127.61;129.0
20/08/2020;132.94;129.42;131.0
21/08/2020;135;129.52;134.0
22/08/2020;135;129.52;0
23/08/2020;135;129.52;0
24/08/2020;132.95;130.33;133.0
25/08/2020;130.54;127.69;133.0
26/08/2020;128.42;125.16;133.0
27/08/2020;125.57;122.29;134.0
28/08/2020;125.84;121.73;132.0
29/08/2020;125.84;121.73;0
30/08/2020;125.84;121.73;0
31/08/2020;125.79;121.57;131.0
01/09/2020;130.78;117.64;129.0
02/09/2020;129.51;119.72;129.0
03/09/2020;123.81;119.51;130.0
04/09/2020;128.49;120;128.0
05/09/2020;128.49;120;0
06/09/2020;128.49;120;0
07/09/2020;125.88;117.84;127.0
08/09/2020;119.32;116.41;127.0
09/09/2020;120.22;119.67;127.0
10/09/2020;120.91;123.41;127.0
11/09/2020;126.36;125.17;127.0
12/09/2020;126.36;125.17;0
13/09/2020;126.36;125.17;0
14/09/2020;130.3;123.21;128.0
15/09/2020;128.29;122.06;127.0
16/09/2020;131.9;127.61;135.0
17/09/2020;132.4;126.33;135.0
18/09/2020;137.3;129.72;134.0
19/09/2020;137.3;129.72;0
20/09/2020;137.3;129.72;0
21/09/2020;139.84;130.98;135.0
22/09/2020;147.52;134.39;138.0
23/09/2020;148.65;134.69;139.0
24/09/2020;140.98;130.87;141.0
25/09/2020;143.54;135.29;139.0
26/09/2020;143.54;135.29;0
27/09/2020;143.54;135.29;0
28/09/2020;143.37;137.31;139.0
29/09/2020;148.5;138.8;140.0
30/09/2020;145.65;138.79;140.0
01/10/2020;145.89;139.04;141.0
02/10/2020;145.75;138.15;144.0
03/10/2020;145.75;138.15;0
04/10/2020;145.75;138.15;0
05/10/2020;149.55;140.79;144.0
06/10/2020;152.51;140.16;146.0
07/10/2020;150.39;138.97;149.0
08/10/2020;153.28;140.94;152.0
09/10/2020;154.95;143.42;161.0
10/10/2020;154.95;143.42;0
11/10/2020;154.95;143.42;0
12/10/2020;154.95;143.42;0
13/10/2020;156.27;144.95;160.0
14/10/2020;163.77;150.28;161.0
15/10/2020;168.6;154.97;165.0
16/10/2020;165.31;152.07;172.0
17/10/2020;165.31;152.07;0
18/10/2020;165.31;152.07;0
19/10/2020;165.01;153.4;175.0
20/10/2020;171.85;160.92;174.0
21/10/2020;174.8;162.66;177.0
22/10/2020;181.06;163.09;184.0
23/10/2020;168.83;155.17;189.0
24/10/2020;168.83;155.17;0
25/10/2020;168.83;155.17;0
26/10/2020;165.11;157.21;184.0
27/10/2020;162.6;152.98;175.0
28/10/2020;152.3;144.85;172.0
29/10/2020;151.22;144.04;169.0
30/10/2020;147.7;143.23;163.0
31/10/2020;147.7;143.23;0
01/11/2020;147.7;143.23;0
02/11/2020;145.41;139.23;162.0
03/11/2020;145.41;140.18;159.0
04/11/2020;145.39;139.75;155.0
05/11/2020;146.87;141.88;151.0
06/11/2020;146.99;141.58;151.0
07/11/2020;146.99;141.58;0
08/11/2020;146.99;141.58;0
09/11/2020;147.36;141.98;145.0
10/11/2020;146.39;141.43;143.0
11/11/2020;149.58;145.54;156.0
12/11/2020;145.67;141.5;161.0
13/11/2020;146.55;141.23;166.0
14/11/2020;146.55;141.23;0
15/11/2020;146.55;141.23;0
16/11/2020;147.44;142.82;156.0
17/11/2020;148.27;144.1;157.0
18/11/2020;149.1;145.95;158.0
19/11/2020;149.87;146.53;157.0
20/11/2020;149.86;147.17;155.0
21/11/2020;149.86;147.17;0
22/11/2020;149.86;147.17;0
23/11/2020;149.86;147.17;0
24/11/2020;150.99;147.88;154.0
25/11/2020;150.52;146.68;152.0
26/11/2020;149.27;146.59;151.0
27/11/2020;148.92;145.45;150.0
28/11/2020;148.92;145.45;0
29/11/2020;148.92;145.45;0
30/11/2020;148.04;144.55;149.0
01/12/2020;148.48;144.7;147.0
02/12/2020;148.27;144.36;147.0
03/12/2020;144.18;139.74;145.0
04/12/2020;144.9;142.05;144.0
05/12/2020;144.9;142.05;0
06/12/2020;144.9;142.05;0
07/12/2020;144.9;142.05;0
08/12/2020;144.9;142.05;0
09/12/2020;142.82;139.49;143.0
10/12/2020;141.86;138.22;140.0
11/12/2020;141.86;138.22;142.0
12/12/2020;141.86;138.22;0
13/12/2020;141.86;138.22;0
14/12/2020;142.88;140.29;145.0
15/12/2020;143.72;141.82;145.0
16/12/2020;142.7;141.26;144.0
17/12/2020;142.65;140.79;143.0
18/12/2020;142.03;140.73;144.0
19/12/2020;142.03;140.73;0
20/12/2020;142.03;140.73;0
21/12/2020;139.8;138.81;144.0
22/12/2020;140.77;140.04;145.0
23/12/2020;140.45;140.35;153.0
24/12/2020;140.45;140.35;0
25/12/2020;140.45;140.35;0
26/12/2020;140.45;140.35;0
27/12/2020;140.45;140.35;0
28/12/2020;140.34;140;158.0
29/12/2020;140.32;140.04;159.0
30/12/2020;140.26;139.99;160.0
31/12/2020;140.26;139.99;0
01/01/2021;140.26;139.99;0
02/01/2021;140.26;139.99;0
03/01/2021;140.26;139.99;0
04/01/2021;142.32;142.32;159.0
05/01/2021;143.91;143.55;154.0
06/01/2021;144.57;144.39;154.0
07/01/2021;145.29;145.84;156.0
08/01/2021;145.25;145.06;155.0
09/01/2021;145.25;145.06;0
10/01/2021;145.25;145.06;0
11/01/2021;145.95;145.8;153.0
12/01/2021;145.13;144.98;153.0
13/01/2021;144.83;144.72;154.0
14/01/2021;145.8;145.42;153.0
15/01/2021;146.29;145.39;153.0
16/01/2021;146.29;145.39;0
17/01/2021;146.29;145.39;0
18/01/2021;147.3;145.36;0
19/01/2021;147.88;145.48;152.0
20/01/2021;148.16;145.72;151.0
21/01/2021;148.88;145.96;151.0
22/01/2021;148.8;145.88;151.0
23/01/2021;148.8;145.88;0
24/01/2021;148.8;145.88;0
25/01/2021;149.27;146.38;151.0
26/01/2021;149.72;146.89;151.0
27/01/2021;150.16;147.38;149.0
28/01/2021;150.65;147.9;149.0
29/01/2021;150.52;147.88;148.0
30/01/2021;150.52;147.88;0
31/01/2021;150.52;147.88;0
01/02/2021;150.99;148.33;148.0
02/02/2021;151.46;148.83;148.0
03/02/2021;151.79;149.34;148.0
04/02/2021;152.27;149.84;145.0
05/02/2021;147.14;149.6;146.0
06/02/2021;147.14;149.6;0
07/02/2021;147.14;149.6;0
08/02/2021;147.14;149.6;146.0
09/02/2021;152.36;150;147.0
10/02/2021;152.14;149.75;146.0
11/02/2021;152.16;148.34;144.0
12/02/2021;151.61;147.65;145.0
13/02/2021;151.61;147.65;0
14/02/2021;151.61;147.65;0
15/02/2021;151.61;147.65;0
16/02/2021;151.61;147.65;0
17/02/2021;147.93;143.47;144.0
18/02/2021;145.82;141.77;148.0
19/02/2021;144.19;140.65;142.0
20/02/2021;144.19;140.65;0
21/02/2021;144.19;140.65;0
22/02/2021;142.51;138.79;142.0
23/02/2021;143.47;139.86;141.0
24/02/2021;144.46;140.94;140.0
25/02/2021;145.43;141.92;138.0
26/02/2021;145.32;141.92;141.0
27/02/2021;145.32;141.92;0
28/02/2021;145.32;141.92;0
01/03/2021;146.31;143.8;141.0
02/03/2021;147.31;146.13;140.0
03/03/2021;148.28;146.11;140.0
04/03/2021;147.25;145.11;139.0
05/03/2021;147.73;145.87;139.0
06/03/2021;147.73;145.87;0
07/03/2021;147.73;145.87;0
08/03/2021;147.73;145.87;139.0
09/03/2021;144.73;145.39;139.0
10/03/2021;148.92;144.43;138.0
11/03/2021;149.08;144.3;135.0
12/03/2021;148.78;144.84;137.0
13/03/2021;148.78;144.84;0
14/03/2021;148.78;144.84;0
15/03/2021;149.25;144.59;141.0
16/03/2021;149.24;144.6;139.0
17/03/2021;149.45;145.28;139.0
18/03/2021;149.68;144.71;139.0
19/03/2021;149.75;144;139.0
20/03/2021;149.75;144;0
21/03/2021;149.75;144;0
22/03/2021;148.91;143.15;139.0
23/03/2021;148.77;142.78;138.0
24/03/2021;148.77;142.78;0
25/03/2021;147.88;141.19;138.0
26/03/2021;146.01;138.45;137.0
27/03/2021;146.01;138.45;0
28/03/2021;146.01;138.45;0
29/03/2021;146.28;138.48;137.0
30/03/2021;146.5;140.39;136.0
31/03/2021;147.16;142.19;136.0
01/04/2021;147.16;142.19;0
02/04/2021;147.16;142.19;0
03/04/2021;147.16;142.19;0
04/04/2021;147.16;142.19;0
05/04/2021;147.96;141.81;135.0
06/04/2021;148.51;143.66;135.0
07/04/2021;148.94;143.77;134.0
08/04/2021;149.4;144.66;135.0
09/04/2021;149.86;144.38;135.0
10/04/2021;149.86;144.38;0
11/04/2021;149.86;144.38;0
12/04/2021;150.55;143.26;137.0
13/04/2021;150.76;142.79;137.0
14/04/2021;151.19;143.8;138.0
15/04/2021;151.62;143.65;138.0
16/04/2021;151.98;143.71;137.0
17/04/2021;151.98;143.71;0
18/04/2021;151.98;143.71;0
19/04/2021;152.44;144.37;138.0
20/04/2021;153;145.94;138.0
21/04/2021;153.2;145.44;139.0
22/04/2021;152.01;145.5;142.0
23/04/2021;153.15;148.36;147.0
24/04/2021;153.15;148.36;0
25/04/2021;153.15;148.36;0
26/04/2021;153.67;150.27;153.0
27/04/2021;154.78;151.49;156.0
28/04/2021;155.09;151.8;157.0
29/04/2021;155.42;152.2;149.0
30/04/2021;155.64;152.19;145.0
01/05/2021;155.64;152.19;0
02/05/2021;155.64;152.19;0
03/05/2021;156.24;152.96;148.0
04/05/2021;156.63;153.33;149.0
05/05/2021;157.05;153.82;146.0
06/05/2021;157.52;154.3;145.0
07/05/2021;158;154.4;145.0
08/05/2021;158;154.4;0
09/05/2021;158;154.4;0
10/05/2021;158.47;153.95;147.0
11/05/2021;157.93;153.16;146.0
12/05/2021;158.36;153.21;147.0
13/05/2021;158.67;153.71;146.0
14/05/2021;159.16;154.17;148.0
15/05/2021;159.16;154.17;0
16/05/2021;159.16;154.17;0
17/05/2021;159.66;154.65;148.0
18/05/2021;159.66;154.65;151.0
19/05/2021;161.17;156.49;150.0
20/05/2021;161.87;157.22;149.0
21/05/2021;162.87;158.37;148.0
22/05/2021;162.87;158.37;0
23/05/2021;162.87;158.37;0
24/05/2021;162.87;158.37;148.0
25/05/2021;162.87;158.37;0
26/05/2021;163.83;158.05;150.0
27/05/2021;164.53;158.72;152.0
28/05/2021;165.1;159.49;152.0
29/05/2021;165.1;159.49;0
30/05/2021;165.1;159.49;0
31/05/2021;165.72;160.23;152.0
01/06/2021;166.33;160.96;150.0
02/06/2021;167.05;161.71;151.0
03/06/2021;166.65;161.33;151.0
04/06/2021;166.2;160.86;152.0
05/06/2021;166.2;160.86;0
06/06/2021;166.2;160.86;0
07/06/2021;165.91;160.55;152.0
08/06/2021;165.63;160.48;151.0
09/06/2021;165.39;159.68;151.0
10/06/2021;165.03;159.07;152.0
11/06/2021;164.76;158.09;153.0
12/06/2021;164.76;158.09;0
13/06/2021;164.76;158.09;0
14/06/2021;164.39;157.95;153.0
15/06/2021;164.25;158.72;155.0
16/06/2021;164.08;159.19;158.0
17/06/2021;164.03;160.41;158.0
18/06/2021;164.02;159.84;159.0
19/06/2021;164.02;159.84;0
20/06/2021;164.02;159.84;0
21/06/2021;164.02;159.84;0
22/06/2021;163.98;160.63;160.0
23/06/2021;163.97;160.92;161.0
24/06/2021;163.94;162.03;165.0
25/06/2021;164.9;163.53;169.0
26/06/2021;164.9;163.53;0
27/06/2021;164.9;163.53;0
28/06/2021;164.86;162.78;168.0
29/06/2021;165.69;163.75;165.0
30/06/2021;165.92;163.57;163.0
01/07/2021;166.41;165.77;164.0
02/07/2021;166.4;166.35;165.0
03/07/2021;166.4;166.35;0
04/07/2021;166.4;166.35;0
05/07/2021;166.6;166.45;166.0
06/07/2021;166.82;165.98;166.0
07/07/2021;167.04;166.2;167.0
08/07/2021;167.26;166.42;169.0
09/07/2021;167.26;166.42;0
10/07/2021;167.26;166.42;0
11/07/2021;167.26;166.42;0
12/07/2021;166.73;166.05;172.0
13/07/2021;166.24;165.38;171.0
14/07/2021;166.24;165.29;172.0
15/07/2021;166.2;165.26;173.0
16/07/2021;166.16;165.5;174.0
17/07/2021;166.16;165.5;0
18/07/2021;166.16;165.5;0
19/07/2021;166.16;165.79;175.0
20/07/2021;166.48;166.07;177.0
21/07/2021;166.71;166.3;177.5
22/07/2021;166.94;166.39;179.5
23/07/2021;167.17;166.48;179.5
24/07/2021;167.17;166.48;0
25/07/2021;167.17;166.48;0
26/07/2021;167.51;166.81;180.0
27/07/2021;168.06;167.36;178.0
28/07/2021;168.6;167.9;175.0
29/07/2021;168.6;167.9;175.0
30/07/2021;168.85;168.19;175.5
31/07/2021;168.85;168.19;0
01/08/2021;168.85;168.19;0
02/08/2021;169.33;168.67;175.5
03/08/2021;170.14;169.57;175.5
04/08/2021;170.25;169.73;175.5
05/08/2021;170.47;169.93;175.5
06/08/2021;170.58;170.09;173.5
07/08/2021;170.58;170.09;0
08/08/2021;170.58;170.09;0
09/08/2021;170.97;169.94;174.0
10/08/2021;171.03;169.87;173.0
11/08/2021;171.13;170.03;173.0
12/08/2021;171.2;169.62;173.5
13/08/2021;165.31;169.45;177.0
14/08/2021;165.31;169.45;0
15/08/2021;165.31;169.45;0
16/08/2021;165.31;169.45;0
17/08/2021;167.27;169.41;178.0
18/08/2021;168.01;169.39;177.0
19/08/2021;168.64;169.36;176.5
20/08/2021;169.27;169.32;177.0
21/08/2021;169.27;169.32;0
22/08/2021;169.27;169.32;0
23/08/2021;167.55;169.46;177.0
24/08/2021;169.38;169.43;177.0
25/08/2021;169.62;169.66;176.5
26/08/2021;169.86;169.96;176.5
27/08/2021;169.87;169.97;177.0
28/08/2021;169.87;169.97;0
29/08/2021;169.87;169.97;0
30/08/2021;170.12;169.98;177.0
31/08/2021;170.4;170.26;177.0
01/09/2021;170.56;170.42;175.5
02/09/2021;170.72;170.58;176.0
03/09/2021;170.71;170.58;177.0
04/09/2021;170.71;170.58;0
05/09/2021;170.71;170.58;0
06/09/2021;170.95;170.82;178.0
07/09/2021;171.34;171.2;179.5
08/09/2021;170.82;170.68;183.0
09/09/2021;170.8;170.67;182.5
10/09/2021;170.78;170.65;181.0
11/09/2021;170.78;170.65;0
12/09/2021;170.78;170.65;0
13/09/2021;171.17;171.04;177.0
14/09/2021;171.57;171.44;178.5
15/09/2021;171.96;171.83;181.0
16/09/2021;172.45;172.32;182.0
17/09/2021;172.58;172.44;181.0
18/09/2021;172.58;172.44;0
19/09/2021;172.58;172.44;0
20/09/2021;172.81;172.68;180.0
21/09/2021;172.81;172.67;180.0
22/09/2021;173.13;172.99;181.0
23/09/2021;173.42;173.33;181.0
24/09/2021;173.51;173.42;182.0
25/09/2021;173.51;173.42;0
26/09/2021;173.51;173.42;0
27/09/2021;174.02;173.92;182.5
28/09/2021;174.5;174.41;183.0
29/09/2021;174.74;174.64;183.0
30/09/2021;175.12;175.03;182.0
01/10/2021;175.57;175.47;182.0
02/10/2021;175.57;175.47;0
03/10/2021;175.57;175.47;0
04/10/2021;175.98;175.89;181.0
05/10/2021;176.44;176.34;181.0
06/10/2021;176.43;176.33;181.5
07/10/2021;176.55;176.45;180.5
08/10/2021;176.55;176.45;0
09/10/2021;176.55;176.45;0
10/10/2021;176.55;176.45;0
11/10/2021;176.55;176.45;0
12/10/2021;176.87;176.78;181.0
13/10/2021;177.2;177.1;181.0
14/10/2021;177.53;177.43;181.5
15/10/2021;177.77;177.68;182.5
16/10/2021;177.77;177.68;0
17/10/2021;177.77;177.68;0
18/10/2021;178.12;178.02;181.5
19/10/2021;178.46;178.36;183.0
20/10/2021;178.7;178.6;184.0
21/10/2021;178.93;178.83;187.0
22/10/2021;179.33;179.23;191.0
23/10/2021;179.33;179.23;0
24/10/2021;179.33;179.23;0
25/10/2021;179.33;179.23;190.0
26/10/2021;179.34;179.24;192.0
27/10/2021;179.33;179.23;193.0
28/10/2021;179.33;179.23;194.0
29/10/2021;179.32;179.22;193.5
30/10/2021;179.32;179.22;0
31/10/2021;179.32;179.22;0
01/11/2021;179.32;179.22;192.5
02/11/2021;179.42;179.32;193.5
03/11/2021;180.17;180.07;195.0
04/11/2021;180.66;180.56;195.0
05/11/2021;181.36;181.26;195.0
06/11/2021;181.36;181.26;0
07/11/2021;181.36;181.26;0
08/11/2021;181.96;181.86;195.0
09/11/2021;182.56;182.46;195.5
10/11/2021;182.85;182.74;201.0
11/11/2021;183.33;183.23;202.5
12/11/2021;184.08;183.98;196.0
13/11/2021;184.08;183.98;0
14/11/2021;184.08;183.98;0
15/11/2021;189.04;188.78;195.5
16/11/2021;204.92;200.3;196.5
17/11/2021;208.78;200;197.5
18/11/2021;212.77;204.52;197.0
19/11/2021;213.57;203.03;197.5
20/11/2021;213.57;203.03;0
21/11/2021;213.57;203.03;0
22/11/2021;213.57;203.03;0
23/11/2021;218.25;205.82;197.0
24/11/2021;216.74;204.88;196.5
25/11/2021;215.82;203.55;197.0
26/11/2021;211.75;200.17;197.0
27/11/2021;211.75;200.17;0
28/11/2021;211.75;200.17;0
29/11/2021;215.64;196.94;197.0
30/11/2021;214.15;200.72;197.5
01/12/2021;223.99;200.6;196.5
02/12/2021;214.98;203.33;196.5
03/12/2021;219.17;203.25;196.5
04/12/2021;219.17;203.25;0
05/12/2021;219.17;203.25;0
06/12/2021;219.25;201.96;195.0
07/12/2021;222.71;198.1;194.0
08/12/2021;222.71;198.1;0
09/12/2021;211.49;195.98;192.0
10/12/2021;206.74;197.1;192.5
11/12/2021;206.74;197.1;0
12/12/2021;206.74;197.1;0
13/12/2021;205.17;195.55;191.5
14/12/2021;203.33;194.39;192.5
15/12/2021;199.91;191.69;194.5
16/12/2021;198.34;191.64;194.5
17/12/2021;204.84;199.22;196.0
18/12/2021;204.84;199.22;0
19/12/2021;204.84;199.22;0
20/12/2021;204.26;200.41;196.0
21/12/2021;206.06;202.17;195.0
22/12/2021;209.61;199.84;196.5
23/12/2021;203.04;199.21;200.0
24/12/2021;204.35;197.97;0
25/12/2021;204.35;197.97;0
26/12/2021;204.35;197.97;0
27/12/2021;204.47;194.53;199.5
28/12/2021;202.41;193.34;202.0
29/12/2021;203.44;196.03;205.0
30/12/2021;202.13;197.8;204.0
31/12/2021;202.13;197.8;0
01/01/2022;202.13;197.8;0
02/01/2022;202.13;197.8;0
03/01/2022;208.08;198.26;202.0
04/01/2022;205.24;197.4;202.5
05/01/2022;208.6;199.07;203.5
06/01/2022;216.2;202.09;204.5
07/01/2022;214.26;203.84;204.0
08/01/2022;214.26;203.84;0
09/01/2022;214.26;203.84;0
10/01/2022;213.97;202.78;202.0
11/01/2022;211.53;202.46;205.0
12/01/2022;211.22;201.96;204.5
13/01/2022;207.71;200.74;205.5
14/01/2022;206.04;202.46;205.5
15/01/2022;206.04;202.46;0
16/01/2022;206.04;202.46;0
17/01/2022;207.08;204.11;205.0
18/01/2022;205.94;203.6;207.0
19/01/2022;216.39;206.58;209.0
20/01/2022;217.86;212.32;210.0
21/01/2022;218.82;212.74;215.0
22/01/2022;218.82;212.74;0
23/01/2022;218.82;212.74;0
24/01/2022;217.68;219.09;215.0
25/01/2022;221.74;218.84;215.5
26/01/2022;229.12;216.85;217.0
27/01/2022;231.17;223.75;218.5
28/01/2022;240;216.66;208.5
29/01/2022;240;216.66;0
30/01/2022;240;216.66;0
31/01/2022;244.61;214.67;209.0
01/02/2022;222.21;214.63;210.0
02/02/2022;218.94;210.88;212.5
03/02/2022;220.21;211.71;212.0
04/02/2022;220.24;212.23;210.0
05/02/2022;220.24;212.23;0
06/02/2022;220.24;212.23;0
07/02/2022;218.73;210.22;210.0
08/02/2022;215.87;207.9;211.0
09/02/2022;212.87;204.97;213.0
10/02/2022;214.35;207.15;211.5
11/02/2022;216.21;207.59;210.5
12/02/2022;216.21;207.59;0
13/02/2022;216.21;207.59;0
14/02/2022;214.43;207.41;211.0
15/02/2022;212.61;205.49;211.0
16/02/2022;211.39;203.93;211.0
17/02/2022;209.92;203.03;210.0
18/02/2022;206.74;199.72;207.0
19/02/2022;206.74;199.72;0
20/02/2022;206.74;199.72;0
21/02/2022;207.35;201.12;207.5
22/02/2022;201.63;196.05;206.0
23/02/2022;202.99;196.81;206.0
24/02/2022;203.38;197.19;206.5
25/02/2022;200.47;195.31;207.0
26/02/2022;200.47;195.31;0
27/02/2022;200.47;195.31;0
28/02/2022;200.47;195.31;0
01/03/2022;200.47;195.31;0
02/03/2022;202.23;196.84;202.0
03/03/2022;201.42;196.82;200.0
04/03/2022;201.14;197.6;197.0
05/03/2022;201.14;197.6;0
06/03/2022;201.14;197.6;0
07/03/2022;200.1;197.28;197.0
08/03/2022;198.67;194.54;198.0
09/03/2022;193.74;190.85;200.5
10/03/2022;192.25;189.62;199.0
11/03/2022;190;187.41;198.0
14/03/2022;188.38;185.6;196.0
15/03/2022;189.1;187.94;196.0
16/03/2022;194.59;193.3;198.0
17/03/2022;195.74;195.27;198.0
18/03/2022;195.47;195.17;198.5
21/03/2022;197.9;197.9;198.0
22/03/2022;200.62;199.82;197.0
23/03/2022;201.1;200.72;197.0
25/03/2022;200.5;200.31;198.0
28/03/2022;197.16;196.27;196.0
29/03/2022;191.99;191.99;196.0
30/03/2022;193.04;192.52;197.0
31/03/2022;190.28;190.56;196.0
01/04/2022;189.52;189.75;196.0
04/04/2022;190.49;190.88;195.0
05/04/2022;190;190.17;192.0
06/04/2022;189.58;190.21;192.0
07/04/2022;191.01;192.32;192.0
08/04/2022;190.06;191.15;192.5
11/04/2022;190.97;191.31;191.0
12/04/2022;190.8;191.67;191.0
13/04/2022;190.53;191.33;191.0
14/04/2022;190.53;191.33;0
15/04/2022;190.53;191.33;0
18/04/2022;188.74;189.3;191.0
19/04/2022;191.12;191.69;194.0
20/04/2022;194.66;195.24;195.5
21/04/2022;203.73;203.97;198.0
22/04/2022;208.79;208.27;199.0
25/04/2022;209.56;207.96;201.5
26/04/2022;214.11;212.07;208.5
27/04/2022;210.72;208.33;202.5
28/04/2022;205.45;203.99;200.0
29/04/2022;206.96;205.99;196.5
02/05/2022;210.72;209.38;197.0
03/05/2022;208.6;207.49;199.5
04/05/2022;204.89;203.57;197.0
05/05/2022;206.61;205.39;197.5
06/05/2022;208.16;208.49;197.0
09/05/2022;208.01;206.52;197.5
10/05/2022;209.08;207.79;198.0
11/05/2022;207.88;207.08;201.0
12/05/2022;209.13;206.38;199.5
13/05/2022;213.18;210.85;199.5
16/05/2022;213.13;210.79;201.0
17/05/2022;211.45;209.31;204.0
18/05/2022;211.45;209.31;0
19/05/2022;210.48;207.88;202.0
20/05/2022;211.58;209.56;201.0
23/05/2022;211.32;210.61;202.5
24/05/2022;212.54;211.33;204.0
25/05/2022;212.54;211.33;0
26/05/2022;213.61;211.41;203.0
27/05/2022;210.7;210.35;202.5
30/05/2022;211.77;209.15;202.5
31/05/2022;210.51;207.35;201.0
01/06/2022;210.81;208.62;202.0
02/06/2022;209.53;207.04;202.0
03/06/2022;209.64;207.75;201.0
06/06/2022;210.1;208.84;201.0
07/06/2022;210.17;208.68;202.0
08/06/2022;210.31;209.15;204.0
09/06/2022;219.86;217.5;204.0
10/06/2022;227.61;223.2;206.0
13/06/2022;237.74;227.37;212.0
14/06/2022;239.11;231.96;220.0
15/06/2022;238.32;229.83;213.0
16/06/2022;242.24;235.09;212.0
17/06/2022;242.24;235.09;0
20/06/2022;242.24;235.09;0
21/06/2022;240.57;233.27;216.0
22/06/2022;235.33;227.94;220.0
23/06/2022;237.32;232.23;220.0
24/06/2022;237.17;232.72;222.0
27/06/2022;244.39;240.09;228.0
28/06/2022;250;243.07;235.0
29/06/2022;251.03;245.67;235.0
30/06/2022;252.71;249.59;234.0
01/07/2022;252.22;247.9;235.0
04/07/2022;281.18;272.39;250.0
05/07/2022;274.16;265.28;242.0
06/07/2022;278.17;270.17;245.0
07/07/2022;296.29;284.32;247.0
08/07/2022;300.89;289.29;263.0
11/07/2022;297.49;285.69;258.0
12/07/2022;291.88;279.4;262.0
13/07/2022;290.15;280.06;273.0
14/07/2022;294.93;284.28;279.0
15/07/2022;301.49;292.5;283.0
18/07/2022;303.92;295.24;281.0
19/07/2022;303.8;297.84;291.0
20/07/2022;308.75;303.44;307.0
21/07/2022;329.82;326.09;327.0
22/07/2022;326.47;315.5;328.0
23/07/2022;326.47;315.5;0
24/07/2022;326.47;315.5;0
25/07/2022;325.99;319.72;312.0
26/07/2022;328.14;324.88;313.0
27/07/2022;339.4;323.77;316.0
28/07/2022;321.9;298.16;304.0
29/07/2022;288.28;276.71;286.0
30/07/2022;288.28;276.71;0
31/07/2022;288.28;276.71;0
01/08/2022;279.64;272.48;272.0
02/08/2022;285.12;276.66;281.0
03/08/2022;287.55;281.02;288.0
04/08/2022;289.6;284.47;281.0
05/08/2022;284.58;278.78;283.0
06/08/2022;284.58;278.78;0
07/08/2022;284.58;278.78;0
08/08/2022;283.76;278.94;282.0
09/08/2022;287.66;279.2;283.0
10/08/2022;289.78;284.59;285.0
11/08/2022;286.28;279.36;287.0
12/08/2022;285.53;279.12;285.0
13/08/2022;285.53;279.12;0
14/08/2022;285.53;279.12;0
15/08/2022;285.53;279.12;0
16/08/2022;278.06;275.78;286.0
17/08/2022;284.13;281.37;287.0
18/08/2022;293.97;288.13;288.0
19/08/2022;300.35;292.03;290.0
20/08/2022;300.35;292.03;0
21/08/2022;300.35;292.03;0
22/08/2022;300.35;287.88;287.0
23/08/2022;299;288.15;292.0
24/08/2022;293.48;286.6;290.0
25/08/2022;295.96;286.6;288.0
26/08/2022;292.53;282.57;288.0
27/08/2022;292.53;282.57;0
28/08/2022;292.53;282.57;0
29/08/2022;290;281.78;287.0
30/08/2022;298.03;283.83;286.0
31/08/2022;292.83;283.08;285.0
01/09/2022;288.74;278.73;280.0
02/09/2022;288.74;278.73;280.0
05/09/2022;282.91;271.19;266.0
06/09/2022;283.39;270.34;272.0
07/09/2022;280.82;271.03;280.0
08/09/2022;282.89;273.02;276.0
09/09/2022;280.88;269.56;270.0
12/09/2022;279.9;269.39;268.0
13/09/2022;279.46;269.9;269.0
14/09/2022;284.25;275.45;273.0
15/09/2022;295.37;289.66;272.0
16/09/2022;301.15;294.19;273.0
19/09/2022;303.33;297.11;273.0
20/09/2022;302.89;295.1;283.0
21/09/2022;305.9;297.91;283.0
22/09/2022;312.16;302.19;283.0
23/09/2022;312.23;301.82;283.0
26/09/2022;306.86;298.25;282.0
27/09/2022;305.54;296.78;286.0
28/09/2022;307.62;297.99;286.0
29/09/2022;304.29;295.83;284.0
30/09/2022;308.96;302.48;284.0
03/10/2022;306.98;297.97;280.0
04/10/2022;308.2;299.77;278.0
05/10/2022;309.67;297.5;278.0
06/10/2022;307.12;293.25;273.0
07/10/2022;307.12;293.25;0
10/10/2022;307.12;293.25;0
11/10/2022;304;288.15;276.0
12/10/2022;305.9;293.69;285.0
13/10/2022;313.72;299.42;287.0
14/10/2022;312.89;299.04;286.0
17/10/2022;307.95;295.58;283.0
18/10/2022;304.07;293.33;286.0
19/10/2022;302.97;292.41;288.0
20/10/2022;304.01;290.87;287.0
21/10/2022;303.64;290.63;287.0
24/10/2022;303.96;291.89;287.0
25/10/2022;305.82;293.63;289.0
26/10/2022;305.93;292.28;288.0
27/10/2022;307.48;294.65;287.0
28/10/2022;305.8;295.07;288.0
31/10/2022;307.42;293.92;286.0
01/11/2022;303.67;292.84;286.0
02/11/2022;303.38;291.17;287.0
03/11/2022;304.93;292.92;283.0
04/11/2022;304.55;290.97;285.0
07/11/2022;303.47;289.76;286.0
08/11/2022;301.24;292.37;287.0
09/11/2022;307.98;292.93;288.0
10/11/2022;308.69;296.82;288.0
11/11/2022;309.77;297.71;289.0
14/11/2022;310.45;299.84;290.0
15/11/2022;319.12;302.06;298.0
16/11/2022;324.62;308.98;304.0
17/11/2022;334.79;313.87;303.0
18/11/2022;332.24;313.58;303.0
21/11/2022;332.24;313.58;0
22/11/2022;330.95;312.8;304.0
23/11/2022;325.72;311.81;308.0
24/11/2022;322.61;319.3;315.0
25/11/2022;323.02;316.07;316.0
28/11/2022;322.49;314.02;314.0
29/11/2022;322.74;313.45;311.0
30/11/2022;322.75;312.51;310.0
01/12/2022;323.72;318.57;309.0
02/12/2022;327;318.67;308.0
05/12/2022;330.47;319.11;308.0
06/12/2022;340.4;328.88;311.0
07/12/2022;338.09;328.98;312.0
08/12/2022;338.09;328.98;0
09/12/2022;338.09;328.98;0
12/12/2022;332.38;322.35;308.0
13/12/2022;333.68;323.36;311.0
14/12/2022;330.13;322.7;316.0
15/12/2022;332.67;320.1;316.0
16/12/2022;332.31;320.1;317.0
19/12/2022;332.43;320.89;321.0
20/12/2022;331.58;325.01;322.0
21/12/2022;332.95;322.87;321.0
22/12/2022;333.48;324.25;326.0
23/12/2022;333.16;325.71;336.0
26/12/2022;334.85;327.62;342.0
27/12/2022;337.49;335.39;352.0
28/12/2022;346.15;331.63;353.0
29/12/2022;340.5;334.36;346.0
30/12/2022;344.13;327.94;342.0
02/01/2023;344.88;329.21;342.0
03/01/2023;344.44;330.7;350.0
04/01/2023;339.48;334.93;350.0
05/01/2023;342.16;332.67;349.0
06/01/2023;338.92;329.91;350.0
09/01/2023;333.97;327.17;351.0
10/01/2023;331.97;325.87;353.0
11/01/2023;336.96;327.7;355.0
12/01/2023;343.57;342.38;357.0
13/01/2023;349.26;340.23;365.0
16/01/2023;356.38;344.03;365.0
17/01/2023;362.19;341.89;366.0
18/01/2023;351.82;340.3;374.0
19/01/2023;355.41;332.83;373.0
20/01/2023;360.98;352.52;370.0
23/01/2023;363.19;352.21;372.0
24/01/2023;360.03;353.85;372.0
25/01/2023;365.99;351.98;377.0
26/01/2023;369.39;352.22;379.0
27/01/2023;370.39;352.78;381.0
30/01/2023;369.52;353.93;382.0
31/01/2023;367.42;354.81;379.0
01/02/2023;367.07;353.7;377.0
02/02/2023;366.83;354.75;373.0
03/02/2023;362.95;357.36;374.0
06/02/2023;365.71;353.94;369.0
07/02/2023;366.16;353.2;373.0
08/02/2023;366.13;354.95;0
09/02/2023;371.6;354.36;377.0
10/02/2023;371.23;354.15;375.0
13/02/2023;370.87;355.27;373.0
14/02/2023;369.82;355.28;375.0
15/02/2023;368.52;356.23;375.0
16/02/2023;370.02;357.61;374.0
17/02/2023;369.8;355.59;373.0
20/02/2023;369.8;355.59;0
21/02/2023;369.8;355.59;0
22/02/2023;368.46;356.45;373.0
23/02/2023;367.03;357.26;373.0
24/02/2023;367.02;356.78;375.0
27/02/2023;364.93;356.07;375.0
28/02/2023;366.41;357.47;373.0
01/03/2023;368.88;359.78;371.0
02/03/2023;372.57;364.81;371.0
03/03/2023;372.31;366.5;373.0
06/03/2023;372.68;362.42;371.0
07/03/2023;375.69;366.97;368.0
08/03/2023;378.96;372.86;367.0
09/03/2023;387.78;375.43;374.0
10/03/2023;393.68;380.64;369.0
13/03/2023;395.5;379.51;369.0
14/03/2023;391.47;377.76;373.0
15/03/2023;397.07;383.31;373.0
16/03/2023;400.62;388.76;375.0
17/03/2023;403.57;388.84;379.0
20/03/2023;401.36;387.63;379.0
21/03/2023;399.62;385.98;382.0
22/03/2023;397.17;387.1;390.0
23/03/2023;390.19;375.72;387.0
24/03/2023;390.19;375.72;0
27/03/2023;392.58;376.4;385.0
28/03/2023;390.63;383.55;386.0
29/03/2023;395.89;386.81;393.0
30/03/2023;402.79;391.82;389.0
31/03/2023;406.54;397.37;388.0
03/04/2023;406.77;396.94;391.0
04/04/2023;409.82;402.41;388.0
05/04/2023;408.24;396.6;388.0
06/04/2023;408.24;396.6;0
07/04/2023;408.24;396.6;0
10/04/2023;403.17;390.71;388.0
11/04/2023;399.69;387.29;0